"","RailID","ID_topo","from_km","to_km","Altura","Lado"
"1",1,1,0,1.91,15,"E"
"2",1,2,1.91,2.23,-3,"E"
"3",1,3,2.23,2.27,0,"E"
"4",1,4,2.27,2.84,7,"E"
"5",1,5,2.84,2.88,-2.5,"E"
"6",1,6,2.88,2.9,0,"E"
"7",1,7,2.9,3.1,11,"E"
"8",1,8,3.1,3.2,-3,"E"
"9",1,9,3.2,4.3,21,"E"
"10",1,10,4.3,4.755,-8,"E"
"11",1,11,4.755,4.799,0,"E"
"12",1,12,4.799,6.302,-10,"E"
"13",1,13,6.302,6.353,0,"E"
"14",1,14,6.353,6.78,-9,"E"
"15",1,15,6.78,6.82,0,"E"
"16",1,16,6.82,7.43,11.8,"E"
"17",1,17,7.43,7.64,-1,"E"
"18",1,18,7.64,8.17,21,"E"
"19",1,19,8.17,9.06,-2,"E"
"20",1,20,9.06,9.47,9,"E"
"21",1,21,9.47,9.86,-1,"E"
"22",1,22,9.86,9.87,0,"E"
"23",1,23,9.87,11.12,8,"E"
"24",1,24,11.12,11.4,-1,"E"
"25",1,25,11.4,11.62,15,"E"
"26",1,26,11.62,11.8,-1,"E"
"27",1,27,11.8,12.1,9,"E"
"28",1,28,12.1,12.2,-3,"E"
"29",1,29,12.2,12.215,0,"E"
"30",1,30,12.215,12.73,20,"E"
"31",1,31,12.73,12.8,0,"E"
"32",1,32,12.8,13.2,-8,"E"
"33",1,33,13.2,13.57,10,"E"
"34",1,34,13.57,14.908,-8,"E"
"35",1,35,14.908,15.03,0,"E"
"36",1,36,15.03,15.9,-13,"E"
"37",1,37,15.9,16.61,6,"E"
"38",1,38,16.61,16.69,-1.5,"E"
"39",1,39,16.69,16.73,3,"E"
"40",1,40,16.73,16.86,0,"E"
"41",1,41,16.86,17.53,-1,"E"
"42",1,42,17.53,18.3,8,"E"
"43",1,43,18.3,18.479,-11,"E"
"44",1,44,18.479,18.733,0,"E"
"45",1,45,18.733,42.56,-1,"E"
"46",1,46,42.56,42.95,12,"E"
"47",1,47,42.95,44.213,-1,"E"
"48",1,48,44.213,47.48,-2,"E"
"49",1,49,47.48,47.9,11,"E"
"50",1,50,47.9,49.431,-6,"E"
"51",1,51,49.431,49.5,0,"E"
"52",1,52,49.5,50.33,-6,"E"
"53",1,53,50.33,50.36,0,"E"
"54",1,54,50.36,50.43,9,"E"
"55",1,55,50.43,50.48,-2,"E"
"56",1,56,50.48,50.9,11,"E"
"57",1,57,50.9,50.98,0,"E"
"58",1,58,50.98,51.99,-3.5,"E"
"59",1,59,51.99,52.28,3,"E"
"60",1,60,52.25,52.31,0,"E"
"61",1,61,52.28,52.25,-1.5,"E"
"62",1,62,52.31,52.515,-1.5,"E"
"63",1,63,52.39,52.53,0,"E"
"64",1,64,52.515,52.39,2,"E"
"65",1,65,52.53,52.68,1.5,"E"
"66",1,66,52.68,52.9,-2,"E"
"67",1,67,52.9,53.015,8,"E"
"68",1,68,53.015,53.05,0,"E"
"69",1,69,53.05,53.27,-1.5,"E"
"70",1,70,53.27,53.325,0,"E"
"71",1,71,53.325,53.87,12,"E"
"72",1,72,53.41,53.91,0,"E"
"73",1,73,53.87,53.41,-3.5,"E"
"74",1,74,53.91,56.03,-1,"E"
"75",1,75,56.03,56.19,2.8,"E"
"76",1,76,56.19,56.2,0,"E"
"77",1,77,56.2,56.54,-1,"E"
"78",1,78,56.54,56.58,0,"E"
"79",1,79,56.58,56.79,2,"E"
"80",1,80,56.68,56.79,0,"E"
"81",1,81,56.79,56.68,3,"E"
"82",1,82,56.79,56.94,-2.5,"E"
"83",1,83,56.94,57.07,2,"E"
"84",1,84,57.07,57.1,0,"E"
"85",1,85,57.1,57.28,-2,"E"
"86",1,86,57.28,57.315,0,"E"
"87",1,87,57.315,57.68,2,"E"
"88",1,88,57.68,58.11,-3,"E"
"89",1,89,58.11,58.35,2,"E"
"90",1,90,58.35,58.54,-3,"E"
"91",1,91,58.54,58.89,0,"E"
"92",1,92,58.89,60.4,-2,"E"
"93",1,93,60.4,60.65,3,"E"
"94",1,94,60.65,60.66,0,"E"
"95",1,95,60.66,62.51,-1,"E"
"96",1,96,62.51,62.52,0,"E"
"97",1,97,62.52,63.25,4,"E"
"98",1,98,63.25,63.55,-1,"E"
"99",1,99,63.55,63.88,5,"E"
"100",1,100,63.88,63.89,0,"E"
"101",1,101,63.89,63.96,-1,"E"
"102",1,102,63.96,64.57,6,"E"
"103",1,103,64.57,64.915,-2,"E"
"104",1,104,64.915,65.86,4.5,"E"
"105",1,105,65.86,66.12,-2,"E"
"106",1,106,66.12,66.19,3,"E"
"107",1,107,66.19,67.27,-1.5,"E"
"108",1,108,67.27,67.36,5,"E"
"109",1,109,67.36,67.39,-1.5,"E"
"110",1,110,67.39,67.56,3,"E"
"111",1,111,67.56,67.59,-1,"E"
"112",1,112,67.59,67.85,2,"E"
"113",1,113,67.85,68.41,-2,"E"
"114",1,114,68.41,69.1,3,"E"
"115",1,115,69.1,70.21,-3.5,"E"
"116",1,116,70.21,70.5,2.5,"E"
"117",1,117,70.5,70.54,-2,"E"
"118",1,118,70.54,71.04,5,"E"
"119",1,119,71.04,71.12,-1,"E"
"120",1,120,71.12,71.86,1,"E"
"121",1,121,71.86,72.78,-1,"E"
"122",1,122,72.78,73.04,3,"E"
"123",1,123,73.04,73.14,-1.5,"E"
"124",1,124,73.14,73.28,2,"E"
"125",1,125,73.28,74.44,-2,"E"
"126",1,126,74.44,76.06,8,"E"
"127",1,127,76.06,76.16,-2,"E"
"128",1,128,76.16,76.31,7,"E"
"129",1,129,76.31,76.35,-3.5,"E"
"130",1,130,76.35,76.48,6,"E"
"131",1,131,76.48,76.78,-2,"E"
"132",1,132,76.78,76.89,7,"E"
"133",1,133,76.89,77.51,-2,"E"
"134",1,134,77.51,77.66,4,"E"
"135",1,135,77.66,78.505,-1.5,"E"
"136",1,136,78.505,78.8,4,"E"
"137",1,137,78.8,80.08,-1,"E"
"138",1,138,80.08,80.41,3,"E"
"139",1,139,80.41,80.47,-2,"E"
"140",1,140,80.47,80.715,2,"E"
"141",1,141,80.715,81.39,-1,"E"
"142",1,142,81.39,82.015,2,"E"
"143",1,143,82.015,82.33,-2,"E"
"144",1,144,82.33,82.63,2,"E"
"145",1,145,82.63,82.96,-2,"E"
"146",1,146,82.96,83.43,1,"E"
"147",1,147,83.43,84.285,-1.5,"E"
"148",1,148,84.285,84.445,2,"E"
"149",1,149,84.445,85.1,-1,"E"
"150",1,150,85.1,85.55,3,"E"
"151",1,151,85.55,85.67,-1.5,"E"
"152",1,152,85.67,85.87,4,"E"
"153",1,153,85.87,86.22,-1,"E"
"154",1,154,86.22,86.7,1,"E"
"155",1,155,86.7,87.21,-1.5,"E"
"156",1,156,87.21,87.47,1,"E"
"157",1,157,87.47,87.79,-1,"E"
"158",1,158,87.79,87.89,2,"E"
"159",1,159,87.89,90.05,-1,"E"
"160",1,160,90.05,90.52,1.8,"E"
"161",1,161,90.52,91.3,-1.5,"E"
"162",1,162,91.3,91.72,2,"E"
"163",1,163,91.72,92.2,-1,"E"
"164",1,164,92.2,92.35,2.5,"E"
"165",1,165,92.35,92.71,-1,"E"
"166",1,166,92.71,93.09,3,"E"
"167",1,167,93.09,95.67,-2,"E"
"168",1,168,95.67,95.76,1,"E"
"169",1,169,95.76,95.8,-1,"E"
"170",1,170,95.8,95.91,1,"E"
"171",1,171,95.91,95.97,-1,"E"
"172",1,172,95.97,96.03,4,"E"
"173",1,173,96.03,98.01,-1,"E"
"174",1,174,98.01,98.24,4,"E"
"175",1,175,98.24,99.33,-1.5,"E"
"176",1,176,99.33,99.7,6,"E"
"177",1,177,99.7,99.76,-1.5,"E"
"178",1,178,99.76,100.03,0,"E"
"179",1,179,100.03,102.87,-3,"E"
"180",1,180,102.87,103.03,0,"E"
"181",1,181,103.03,103.19,-2,"E"
"182",1,182,103.19,103.33,0,"E"
"183",1,183,103.33,103.97,-4.5,"E"
"184",1,184,103.97,104.11,0,"E"
"185",1,185,104.11,104.92,-6.5,"E"
"186",1,186,104.92,105.05,0,"E"
"187",1,187,105.05,105.38,-3.5,"E"
"188",1,188,105.38,106.51,7,"E"
"189",1,189,106.51,106.65,-2.5,"E"
"190",1,190,106.65,106.75,0,"E"
"191",1,191,106.75,107.99,-2.5,"E"
"192",1,192,107.99,108.55,3.5,"E"
"193",1,193,108.55,108.74,-1,"E"
"194",1,194,108.74,109.76,4.5,"E"
"195",1,195,109.76,112.213,-5,"E"
"196",1,196,112.213,112.316,0,"E"
"197",1,197,112.316,114.85,-1.5,"E"
"198",1,198,114.85,115.45,0,"E"
"199",1,199,115.45,115.76,-2,"E"
"200",1,200,115.76,116.35,0,"E"
"201",1,201,116.35,116.87,-1,"E"
"202",1,202,116.87,117,0,"E"
"203",1,203,117,118.4,-1.5,"E"
"204",1,204,118.4,118.88,0,"E"
"205",1,205,118.88,119.07,-1.7,"E"
"206",1,206,119.07,119.74,4,"E"
"207",1,207,119.74,121.64,-1.5,"E"
"208",1,208,121.64,122.4,0,"E"
"209",1,209,122.4,123.957,-1.7,"E"
"210",1,210,123.957,124.05,0,"E"
"211",1,211,124.05,124.3,-4,"E"
"212",1,212,124.3,124.45,0,"E"
"213",1,213,124.45,124.619,-2,"E"
"214",1,214,124.619,124.682,0,"E"
"215",1,215,124.682,125.17,-2,"E"
"216",1,216,125.17,125.28,6,"E"
"217",1,217,125.28,125.61,-1.3,"E"
"218",1,218,125.61,125.78,0,"E"
"219",1,219,125.78,126.3,-1,"E"
"220",1,220,126.3,127.24,0,"E"
"221",1,221,127.24,127.29,-1.2,"E"
"222",1,222,127.29,127.8,0,"E"
"223",1,223,127.8,128.25,-2,"E"
"224",1,224,128.25,128.34,0,"E"
"225",1,225,128.34,128.4,-2,"E"
"226",1,226,128.4,128.58,0,"E"
"227",1,227,128.58,128.61,-1.2,"E"
"228",1,228,128.61,128.7,0,"E"
"229",1,229,128.7,128.88,-1,"E"
"230",1,230,128.88,129.25,0,"E"
"231",1,231,129.25,129.27,-1.8,"E"
"232",1,232,129.27,129.6,0,"E"
"233",1,233,129.6,129.63,-1.5,"E"
"234",1,234,129.63,130.15,0,"E"
"235",1,235,130.15,130.64,-1.7,"E"
"236",1,236,130.64,130.93,0,"E"
"237",1,237,130.93,131.591,-3.5,"E"
"238",1,238,131.591,131.736,0,"E"
"239",1,239,131.736,139.23,-10,"E"
"240",1,240,139.23,140.8,0,"E"
"241",1,241,140.8,142.107,-15,"E"
"242",1,242,142.107,142.457,0,"E"
"243",1,243,142.457,142.808,-7.5,"E"
"244",1,244,142.808,143.186,0,"E"
"245",1,245,143.186,144.41,-3.5,"E"
"246",1,246,144.41,144.83,8.5,"E"
"247",1,247,144.83,145.19,-3.5,"E"
"248",1,248,145.19,145.44,11,"E"
"249",1,249,145.44,145.755,-3,"E"
"250",1,250,145.755,145.88,4.5,"E"
"251",1,251,145.88,146.81,-2.5,"E"
"252",1,252,146.81,147.38,-2.5,"E"
"253",1,253,147.38,147.935,4.5,"E"
"254",1,254,147.935,148.35,-7,"E"
"255",1,255,148.35,148.55,4,"E"
"256",1,256,148.55,148.74,-1,"E"
"257",1,257,148.74,148.86,5,"E"
"258",1,258,148.86,148.99,-1,"E"
"259",1,259,148.99,149.25,6,"E"
"260",1,260,149.25,149.47,-4.5,"E"
"261",1,261,149.47,149.76,8.5,"E"
"262",1,262,149.76,149.93,-1,"E"
"263",1,263,149.93,150.1,0,"E"
"264",1,264,150.1,150.985,-4,"E"
"265",1,265,150.985,151.44,3,"E"
"266",1,266,151.44,151.53,-1,"E"
"267",1,267,151.53,151.68,0,"E"
"268",1,268,151.68,151.77,-1,"E"
"269",1,269,151.77,151.92,3,"E"
"270",1,270,151.92,151.99,-1,"E"
"271",1,271,151.99,152.345,0,"E"
"272",1,272,152.345,152.395,-1,"E"
"273",1,273,152.395,152.735,0,"E"
"274",1,274,152.735,152.78,-1,"E"
"275",1,275,152.78,152.88,0,"E"
"276",1,276,152.88,153.27,-1.5,"E"
"277",1,277,153.27,153.48,0,"E"
"278",1,278,153.48,154.25,-2,"E"
"279",1,279,154.25,155.145,5,"E"
"280",1,280,155.145,155.685,-2,"E"
"281",1,281,155.685,155.8,0,"E"
"282",1,282,155.8,156.285,-4,"E"
"283",1,283,156.285,156.68,5,"E"
"284",1,284,156.68,157.018,-3,"E"
"285",1,285,157.018,157.23,5,"E"
"286",1,286,157.23,157.29,-1.5,"E"
"287",1,287,157.29,157.36,0,"E"
"288",1,288,157.36,158.07,-2.5,"E"
"289",1,289,158.07,158.59,0,"E"
"290",1,290,158.59,158.65,-1.7,"E"
"291",1,291,158.65,158.81,0,"E"
"292",1,292,158.81,159.864,-1.2,"E"
"293",1,293,159.864,160.725,0,"E"
"294",1,294,160.725,161.22,-2,"E"
"295",1,295,161.22,161.63,6,"E"
"296",1,296,161.63,161.735,-2,"E"
"297",1,297,161.735,161.904,0,"E"
"298",1,298,161.904,161.955,-1,"E"
"299",1,299,161.955,162.125,0,"E"
"300",1,300,162.125,162.155,-1.6,"E"
"301",1,301,162.155,162.52,0,"E"
"302",1,302,162.52,163.275,-2.5,"E"
"303",1,303,163.275,163.725,0,"E"
"304",1,304,163.725,163.8,-1.1,"E"
"305",1,305,163.8,164.605,0,"E"
"306",1,306,164.605,164.72,-1.25,"E"
"307",1,307,164.72,165.565,0,"E"
"308",1,308,165.565,166.514,-4,"E"
"309",1,309,166.514,166.594,0,"E"
"310",1,310,166.594,166.77,-2,"E"
"311",1,311,166.77,166.83,0,"E"
"312",1,312,166.83,167.57,-2.5,"E"
"313",1,313,167.57,167.918,0,"E"
"314",1,314,167.918,168.185,-1,"E"
"315",1,315,168.185,168.635,8,"E"
"316",1,316,168.635,169.1,-1.3,"E"
"317",1,317,169.1,169.655,0,"E"
"318",1,318,169.655,169.9,-1.5,"E"
"319",1,319,169.9,170.335,4.5,"E"
"320",1,320,170.335,170.49,-3,"E"
"321",1,321,170.49,170.61,0,"E"
"322",1,322,170.61,170.875,-2.5,"E"
"323",1,323,170.875,171.063,0,"E"
"324",1,324,171.063,171.245,-1.5,"E"
"325",1,325,171.245,171.43,0,"E"
"326",1,326,171.43,172.1,-4,"E"
"327",1,327,172.1,172.465,4.5,"E"
"328",1,328,172.465,172.563,-1,"E"
"329",1,329,172.563,173.162,0,"E"
"330",1,330,173.162,173.268,-1,"E"
"331",1,331,173.268,174,0,"E"
"332",1,332,174,174.215,-3.5,"E"
"333",1,333,174.215,174.314,0,"E"
"334",1,334,174.314,174.605,-3.5,"E"
"335",1,335,174.605,175.17,0,"E"
"336",1,336,175.17,175.27,-3.5,"E"
"337",1,337,175.27,175.428,0,"E"
"338",1,338,175.428,175.675,-3.5,"E"
"339",1,339,175.675,175.906,5.5,"E"
"340",1,340,175.906,176.015,-2.5,"E"
"341",1,341,176.015,176.286,0,"E"
"342",1,342,176.286,176.402,-1,"E"
"343",1,343,176.402,177,0,"E"
"344",1,344,177,177.305,-2.5,"E"
"345",1,345,177.305,177.39,0,"E"
"346",1,346,177.39,177.54,-1,"E"
"347",1,347,177.54,177.72,0,"E"
"348",1,348,177.72,177.93,-3,"E"
"349",1,349,177.93,178.58,5,"E"
"350",1,350,178.58,178.744,-1.5,"E"
"351",1,351,178.744,179,0,"E"
"352",1,352,179,179.358,-1.5,"E"
"353",1,353,179.358,179.97,0,"E"
"354",1,354,179.97,180.365,-3.5,"E"
"355",1,355,180.365,180.59,0,"E"
"356",1,356,180.59,181.21,-4.5,"E"
"357",1,357,181.21,181.3,0,"E"
"358",1,358,181.3,181.71,-4.5,"E"
"359",1,359,181.71,181.75,0,"E"
"360",1,360,181.75,181.83,-1,"E"
"361",1,361,181.83,181.92,0,"E"
"362",1,362,181.92,182,-1,"E"
"363",1,363,182,182.184,0,"E"
"364",1,364,182.184,182.244,-2,"E"
"365",1,365,182.244,183.312,8,"E"
"366",1,366,183.312,183.4,-1,"E"
"367",1,367,183.4,183.88,0,"E"
"368",1,368,183.88,184.224,-1.5,"E"
"369",1,369,184.224,184.436,0,"E"
"370",1,370,184.436,184.66,-2.5,"E"
"371",1,371,184.66,184.825,0,"E"
"372",1,372,184.825,185.25,-1,"E"
"373",1,373,185.25,186.78,5,"E"
"374",1,374,186.78,187.22,-2,"E"
"375",1,375,187.22,187.54,0,"E"
"376",1,376,187.54,187.64,-1.5,"E"
"377",1,377,187.64,188.24,7,"E"
"378",1,378,188.24,188.58,-1.5,"E"
"379",1,379,188.58,189.05,5,"E"
"380",1,380,189.05,189.11,-2,"E"
"381",1,381,189.11,189.475,5,"E"
"382",1,382,189.475,189.64,-1.5,"E"
"383",1,383,189.64,189.74,0,"E"
"384",1,384,189.74,189.804,-1,"E"
"385",1,385,189.804,189.93,0,"E"
"386",1,386,189.93,189.974,-1.7,"E"
"387",1,387,189.974,190.09,0,"E"
"388",1,388,190.09,190.154,-2,"E"
"389",1,389,190.154,190.234,0,"E"
"390",1,390,190.234,190.3,-1,"E"
"391",1,391,190.3,190.454,0,"E"
"392",1,392,190.454,190.568,-1.5,"E"
"393",1,393,190.568,190.652,0,"E"
"394",1,394,190.652,190.714,-1.8,"E"
"395",1,395,190.714,190.84,5,"E"
"396",1,396,190.84,190.995,-4,"E"
"397",1,397,190.995,191.46,5.5,"E"
"398",1,398,191.46,191.672,-8,"E"
"399",1,399,191.672,191.86,1.8,"E"
"400",1,400,191.86,191.914,-3.5,"E"
"401",1,401,191.914,192.12,1.6,"E"
"402",1,402,192.12,192.243,-2.5,"E"
"403",1,403,192.243,192.384,1.4,"E"
"404",1,404,192.384,192.65,-3,"E"
"405",1,405,192.65,192.886,5,"E"
"406",1,406,192.886,194.04,-4,"E"
"407",1,407,194.04,194.2,2.8,"E"
"408",1,408,194.2,194.734,-1.6,"E"
"409",1,409,194.734,195.53,3,"E"
"410",1,410,195.53,196.23,-1.8,"E"
"411",1,411,196.23,196.43,2.8,"E"
"412",1,412,196.43,196.7,-2,"E"
"413",1,413,196.7,196.88,2.8,"E"
"414",1,414,196.88,197.126,-2.5,"E"
"415",1,415,197.126,197.336,2,"E"
"416",1,416,197.336,197.4,-2,"E"
"417",1,417,197.4,198.078,3,"E"
"418",1,418,198.078,198.554,-1.5,"E"
"419",1,419,198.554,198.716,1,"E"
"420",1,420,198.716,200.16,-4.5,"E"
"421",1,421,200.16,200.608,5,"E"
"422",1,422,200.608,200.69,-2.5,"E"
"423",1,423,200.69,200.81,5,"E"
"424",1,424,200.81,200.846,-1.5,"E"
"425",1,425,200.846,200.99,2,"E"
"426",1,426,200.99,201.8,-3.8,"E"
"427",1,427,201.8,201.84,0,"E"
"428",1,428,201.84,202.182,3.5,"E"
"429",1,429,202.182,202.2,0,"E"
"430",1,430,202.2,202.4,-3.6,"E"
"431",1,431,202.4,202.684,3,"E"
"432",1,432,202.684,202.811,-2,"E"
"433",1,433,202.811,202.881,0,"E"
"434",1,434,202.881,205.3,-4.5,"E"
"435",1,435,205.3,205.82,2,"E"
"436",1,436,205.82,205.86,-1.8,"E"
"437",1,437,205.86,206.5,7,"E"
"438",1,438,206.5,206.7,-1,"E"
"439",1,439,206.7,206.8,1.5,"E"
"440",1,440,206.8,207.076,-1.5,"E"
"441",1,441,207.076,207.11,NA,"E"
"442",1,442,207.11,207.746,-2.5,"E"
"443",1,443,207.746,208,2.5,"E"
"444",1,444,208,208.066,-2,"E"
"445",1,445,208.066,208.32,4,"E"
"446",1,446,208.32,208.5,-3,"E"
"447",1,447,208.5,209.43,4.5,"E"
"448",1,448,209.43,210.4,-2,"E"
"449",1,449,210.4,210.944,5,"E"
"450",1,450,210.944,210.99,-2,"E"
"451",1,451,210.99,211,0,"E"
"452",1,452,211,211.182,4.5,"E"
"453",1,453,211.182,211.23,-1.5,"E"
"454",1,454,211.23,211.64,2.5,"E"
"455",1,455,211.64,211.654,-1.4,"E"
"456",1,456,211.654,211.73,2,"E"
"457",1,457,211.73,213,-1.4,"E"
"458",1,458,213,213.16,2,"E"
"459",1,459,213.16,213.38,NA,"E"
"460",1,460,213.38,213.58,1.5,"E"
"461",1,461,213.58,214.12,NA,"E"
"462",1,462,214.12,214.38,3,"E"
"463",1,463,214.38,214.557,-1.5,"E"
"464",1,464,214.557,214.86,-1.5,"E"
"465",1,465,214.86,215.235,3,"E"
"466",1,466,215.235,215.274,-1.8,"E"
"467",1,467,215.274,215.55,3,"E"
"468",1,468,215.55,215.78,-1.5,"E"
"469",1,469,215.78,215.81,0,"E"
"470",1,470,215.81,217.41,10,"E"
"471",1,471,217.41,219.253,-7,"E"
"472",1,472,219.253,219.393,0,"E"
"473",1,473,219.393,220.85,-7,"E"
"474",1,474,220.85,221.08,6,"E"
"475",1,475,221.08,221.38,-1.5,"E"
"476",1,476,221.38,221.88,0,"E"
"477",1,477,221.88,222,2.5,"E"
"478",1,478,222,222.07,-1.5,"E"
"479",1,479,222.07,222.22,2.5,"E"
"480",1,480,222.22,222.6,-1.5,"E"
"481",1,481,222.6,222.7,1.5,"E"
"482",1,482,222.7,222.785,-2,"E"
"483",1,483,222.785,223.34,7,"E"
"484",1,484,223.34,223.78,-3.5,"E"
"485",1,485,223.78,223.95,6.5,"E"
"486",1,486,223.95,224.147,-3.5,"E"
"487",1,487,224.147,224.52,9,"E"
"488",1,488,224.52,225,-4,"E"
"489",1,489,225,225.591,13,"E"
"490",1,490,225.591,225.63,-3,"E"
"491",1,491,225.63,225.73,0,"E"
"492",1,492,225.73,225.93,4,"E"
"493",1,493,225.93,226.555,-3,"E"
"494",1,494,226.555,226.83,0,"E"
"495",1,495,226.83,228.365,-3,"E"
"496",1,496,228.365,228.465,2,"E"
"497",1,497,228.465,228.6,-2.5,"E"
"498",1,498,228.6,228.74,3,"E"
"499",1,499,228.74,229,-3,"E"
"500",1,500,229,229.59,3,"E"
"501",1,501,229.59,229.65,-3,"E"
"502",1,502,229.65,229.71,8,"E"
"503",1,503,229.71,230.12,-3.5,"E"
"504",1,504,230.12,231.5,0,"E"
"505",1,505,231.5,231.98,26,"E"
"506",1,506,231.98,232.05,0,"E"
"507",1,507,232.05,232.17,NA,"E"
"508",1,508,232.17,232.18,0,"E"
"509",1,509,232.18,232.64,-4,"E"
"510",1,510,232.64,232.76,8,"E"
"511",1,511,232.76,233.1,-3,"E"
"512",1,512,233.1,233.22,3,"E"
"513",1,513,233.22,233.99,-3,"E"
"514",1,514,233.99,234.57,12,"E"
"515",1,515,234.57,234.67,-1.5,"E"
"516",1,516,234.67,234.95,14,"E"
"517",1,517,234.95,235.01,-2,"E"
"518",1,518,235.01,235.165,12,"E"
"519",1,519,235.165,235.2,-1.5,"E"
"520",1,520,235.2,235.47,8,"E"
"521",1,521,235.47,235.58,-1.5,"E"
"522",1,522,235.58,235.902,13,"E"
"523",1,523,235.902,236.14,-4,"E"
"524",1,524,236.14,236.18,2,"E"
"525",1,525,236.18,236.9,-3.8,"E"
"526",1,526,236.9,237.51,16,"E"
"527",1,527,237.51,237.73,-3.5,"E"
"528",1,528,237.73,238.04,16,"E"
"529",1,529,238.04,238.18,-3,"E"
"530",1,530,238.18,238.26,18,"E"
"531",1,531,238.26,238.58,-3,"E"
"532",1,532,238.58,238.71,6,"E"
"533",1,533,238.71,239.2,-3,"E"
"534",1,534,239.2,239.28,3,"E"
"535",1,535,239.28,239.84,0,"E"
"536",1,536,239.84,240,-3,"E"
"537",1,537,240,240.14,NA,"E"
"538",1,538,240.14,240.38,3,"E"
"539",1,539,240.38,240.38,NA,"E"
"540",1,540,240.38,240.43,-2,"E"
"541",1,541,240.43,240.68,3,"E"
"542",1,542,240.68,241.75,-3,"E"
"543",1,543,241.75,242.04,38,"E"
"544",1,544,242.04,242.1,-1.5,"E"
"545",1,545,242.1,242.4,15,"E"
"546",1,546,242.4,243.46,-3,"E"
"547",1,547,243.46,243.85,5,"E"
"548",1,548,243.85,244,-2,"E"
"549",1,549,244,244.17,13,"E"
"550",1,550,244.17,244.36,-2,"E"
"551",1,551,244.36,244.59,3,"E"
"552",1,552,244.59,244.86,-2,"E"
"553",1,553,244.86,245.2,12,"E"
"554",1,554,245.2,245.23,0,"E"
"555",1,555,245.23,245.78,-4,"E"
"556",1,556,245.78,247.64,6,"E"
"557",1,557,245.98,247.37,-5,"E"
"558",1,558,247.37,247.64,0,"E"
"559",1,559,247.64,245.98,2.5,"E"
"560",1,560,247.64,247.71,-3,"E"
"561",1,561,247.71,247.85,8,"E"
"562",1,562,247.85,247.884,-8,"E"
"563",1,563,247.884,247.942,0,"E"
"564",1,564,247.942,248.1,-8,"E"
"565",1,565,248.1,248.58,8,"E"
"566",1,566,248.58,249.16,-1.8,"E"
"567",1,567,249.16,249.715,5,"E"
"568",1,568,249.715,249.88,-1.8,"E"
"569",1,569,249.88,249.95,2,"E"
"570",1,570,249.95,250.25,-3,"E"
"571",1,571,250.25,250.84,2,"E"
"572",1,572,250.84,251.28,-2,"E"
"573",1,573,251.28,251.785,10,"E"
"574",1,574,251.785,251.94,0,"E"
"575",1,575,251.94,252,-8,"E"
"576",1,576,252,253.05,0,"E"
"577",1,577,253.05,253.345,11,"E"
"578",1,578,253.345,253.52,-7,"E"
"579",1,579,253.52,254.58,3.5,"E"
"580",1,580,254.4,254.5,1.5,"E"
"581",1,581,254.5,254.694,-3,"E"
"582",1,582,254.58,254.4,-3,"E"
"583",1,583,254.694,254.92,20,"E"
"584",1,584,254.92,255.68,-7,"E"
"585",1,585,255.68,255.794,0,"E"
"586",1,586,255.794,256.74,-7,"E"
"587",1,587,256.74,257.07,1.5,"E"
"588",1,588,257.07,257.15,-2.5,"E"
"589",1,589,257.15,257.4,2,"E"
"590",1,590,257.4,257.41,NA,"E"
"591",1,591,257.41,257.8,-4,"E"
"592",1,592,257.8,257.9,-4,"E"
"593",1,593,257.9,258.06,12,"E"
"594",1,594,258.06,258.9,-8,"E"
"595",1,595,258.9,259.06,4,"E"
"596",1,596,259.06,259.12,-2.5,"E"
"597",1,597,259.12,259.36,19,"E"
"598",1,598,259.36,259.485,-2,"E"
"599",1,599,259.485,259.91,16,"E"
"600",1,600,259.91,261,-3,"E"
"601",1,601,261,261.915,7,"E"
"602",1,602,261.915,262,-2.5,"E"
"603",1,603,262,262.16,3,"E"
"604",1,604,262.16,262.38,-2.5,"E"
"605",1,605,262.38,262.44,0,"E"
"606",1,606,262.44,262.785,3,"E"
"607",1,607,262.785,263.11,-5,"E"
"608",1,608,263.11,263.19,5,"E"
"609",1,609,263.19,263.76,-5,"E"
"610",1,610,263.76,263.89,10,"E"
"611",1,611,263.89,264.12,-4,"E"
"612",1,612,264.12,264.28,20,"E"
"613",1,613,264.28,264.37,-3,"E"
"614",1,614,264.37,264.59,18,"E"
"615",1,615,264.59,264.89,-5,"E"
"616",1,616,264.89,265.025,10,"E"
"617",1,617,265.025,265.08,-3,"E"
"618",1,618,265.08,265.4,20,"E"
"619",1,619,265.4,265.535,-5,"E"
"620",1,620,265.535,265.65,8,"E"
"621",1,621,265.65,266.343,-8,"E"
"622",1,622,266.343,266.45,-4,"E"
"623",1,623,266.45,266.69,10,"E"
"624",1,624,266.69,266.82,-6,"E"
"625",1,625,266.82,266.965,10,"E"
"626",1,626,266.965,267,-3,"E"
"627",1,627,267,267.5,17,"E"
"628",1,628,267.5,267.94,-5,"E"
"629",1,629,267.94,268.02,2,"E"
"630",1,630,268.02,268.15,-4,"E"
"631",1,631,268.15,268.34,4,"E"
"632",1,632,268.34,268.74,-4,"E"
"633",1,633,268.74,269.19,14,"E"
"634",1,634,269.19,269.27,-3,"E"
"635",1,635,269.27,269.39,9,"E"
"636",1,636,269.39,269.57,-4,"E"
"637",1,637,269.57,269.65,6,"E"
"638",1,638,269.65,270.2,-7,"E"
"639",1,639,270.2,270.54,22,"E"
"640",1,640,270.54,270.87,-3.5,"E"
"641",1,641,270.87,271,12,"E"
"642",1,642,271,271.06,0,"E"
"643",1,643,271.06,271.18,-4,"E"
"644",1,644,271.18,271.23,10,"E"
"645",1,645,271.23,271.57,-6,"E"
"646",1,646,271.57,271.715,12.5,"E"
"647",1,647,271.715,272,-8,"E"
"648",1,648,272,272.12,32,"E"
"649",1,649,272.12,272.194,-4,"E"
"650",1,650,272.194,272.284,50,"E"
"651",1,651,272.284,272.81,-5,"E"
"652",1,652,272.81,273.1,39,"E"
"653",1,653,273.1,273.14,-7,"E"
"654",1,654,273.14,273.354,0,"E"
"655",1,655,273.354,273.86,-10,"E"
"656",1,656,273.86,273.93,1.8,"E"
"657",1,657,273.93,274.75,-6,"E"
"658",1,658,274.75,275.35,8,"E"
"659",1,659,275.35,275.756,-6,"E"
"660",1,660,275.756,275.826,0,"E"
"661",1,661,275.826,276.33,-6,"E"
"662",1,662,276.33,276.56,12,"E"
"663",1,663,276.56,276.68,-7,"E"
"664",1,664,276.68,276.766,5,"E"
"665",1,665,276.766,276.785,0,"E"
"666",1,666,276.785,277.51,-4.5,"E"
"667",1,667,277.51,277.64,4,"E"
"668",1,668,277.64,277.74,0,"E"
"669",1,669,277.74,277.78,-5,"E"
"670",1,670,277.78,277.91,10,"E"
"671",1,671,277.91,277.98,-2.5,"E"
"672",1,672,277.98,278.18,8,"E"
"673",1,673,278.18,278.445,-3,"E"
"674",1,674,278.445,278.5,5,"E"
"675",1,675,278.5,278.565,0,"E"
"676",1,676,278.565,278.7,-1.8,"E"
"677",1,677,278.7,279.055,8,"E"
"678",1,678,279.055,279.11,-8,"E"
"679",1,679,279.11,279.2,5,"E"
"680",1,680,279.2,279.595,-8,"E"
"681",1,681,279.595,280,3,"E"
"682",1,682,280,280.1,-12,"E"
"683",1,683,280.1,281.15,18,"E"
"684",1,684,281.15,281.59,-5,"E"
"685",1,685,281.59,281.73,6,"E"
"686",1,686,281.73,281.83,-12,"E"
"687",1,687,281.83,281.99,10,"E"
"688",1,688,281.99,282.64,-12,"E"
"689",1,689,282.64,283.05,26,"E"
"690",1,690,283.05,283.871,-3,"E"
"691",1,691,283.871,284.039,0,"E"
"692",1,692,284.039,284.38,-7,"E"
"693",1,693,284.38,284.48,20,"E"
"694",1,694,284.48,284.55,-5,"E"
"695",1,695,284.55,284.68,15,"E"
"696",1,696,284.68,284.7,-5,"E"
"697",1,697,284.7,284.85,12,"E"
"698",1,698,284.85,285.07,-5,"E"
"699",1,699,285.07,285.33,18,"E"
"700",1,700,285.33,285.653,-3,"E"
"701",1,701,285.653,285.732,0,"E"
"702",1,702,285.732,285.865,-4,"E"
"703",1,703,285.865,286.36,27,"E"
"704",1,704,286.36,288.01,-8,"E"
"705",1,705,288.01,288.53,16,"E"
"706",1,706,288.53,289.845,-15,"E"
"707",1,707,289.845,289.925,0,"E"
"708",1,708,289.925,290.44,-10,"E"
"709",1,709,290.44,290.66,3,"E"
"710",1,710,290.66,290.7,-10,"E"
"711",1,711,290.7,291.28,16,"E"
"712",1,712,291.28,291.98,-8,"E"
"713",1,713,291.98,292.59,10,"E"
"714",1,714,292.59,293.4,-22,"E"
"715",1,715,293.4,294.5,11,"E"
"716",1,716,294.5,295.03,-26,"E"
"717",1,717,295.03,295.47,13,"E"
"718",1,718,295.47,296.33,-34,"E"
"719",1,719,296.33,296.44,34,"E"
"720",1,720,296.44,296.85,-38,"E"
"721",1,721,296.85,296.99,25,"E"
"722",1,722,296.99,297.69,-25,"E"
"723",1,723,297.69,297.9,15,"E"
"724",1,724,297.9,298,-36,"E"
"725",1,725,298,298.1,20,"E"
"726",1,726,298.1,298.13,-20,"E"
"727",1,727,298.13,298.23,22,"E"
"728",1,728,298.23,298.28,-16,"E"
"729",1,729,298.28,298.4,25,"E"
"730",1,730,298.4,299.04,-16,"E"
"731",1,731,299.04,299.27,30,"E"
"732",1,732,299.27,300.12,-16,"E"
"733",1,733,300.12,300.425,18,"E"
"734",1,734,300.425,300.458,-10,"E"
"735",1,735,300.458,300.585,0,"E"
"736",1,736,300.585,300.66,-8,"E"
"737",1,737,300.66,300.905,16,"E"
"738",1,738,300.905,301.2,-3,"E"
"739",1,739,301.2,301.32,22,"E"
"740",1,740,301.32,301.345,-2.8,"E"
"741",1,741,301.345,301.57,18,"E"
"742",1,742,301.57,301.59,-2.5,"E"
"743",1,743,301.59,301.725,20,"E"
"744",1,744,301.725,301.744,-3.8,"E"
"745",1,745,301.744,301.82,24,"E"
"746",1,746,301.82,302.36,-1.8,"E"
"747",1,747,302.36,302.445,4,"E"
"748",1,748,302.445,302.52,-1.8,"E"
"749",1,749,302.52,302.63,3,"E"
"750",1,750,302.63,303.14,-5,"E"
"751",1,751,303.14,303.77,22,"E"
"752",1,752,303.77,304.14,-5,"E"
"753",1,753,304.14,304.86,15,"E"
"754",1,754,304.86,305.04,-3,"E"
"755",1,755,305.04,305.45,11,"E"
"756",1,756,305.45,305.57,-3,"E"
"757",1,757,305.57,305.81,4,"E"
"758",1,758,305.81,305.92,-5,"E"
"759",1,759,305.92,306.9,12,"E"
"760",1,760,306.9,307.14,-6,"E"
"761",1,761,307.14,307.33,8,"E"
"762",1,762,307.33,307.98,-9,"E"
"763",1,763,307.98,308.51,6,"E"
"764",1,764,308.51,308.52,-5,"E"
"765",1,765,308.52,308.86,7,"E"
"766",1,766,308.86,308.89,-8,"E"
"767",1,767,308.89,309.12,24,"E"
"768",1,768,309.12,309.14,-12,"E"
"769",1,769,309.14,309.32,18,"E"
"770",1,770,309.32,309.64,-14,"E"
"771",1,771,309.64,309.915,22,"E"
"772",1,772,309.915,310.06,-14,"E"
"773",1,773,310.06,310.36,12,"E"
"774",1,774,310.36,310.385,-14,"E"
"775",1,775,310.385,310.62,20,"E"
"776",1,776,310.62,312.049,-10,"E"
"777",1,777,312.049,312.258,0,"E"
"778",1,778,312.258,313.26,-10,"E"
"779",1,779,313.26,313.41,12,"E"
"780",1,780,313.41,314.11,-3,"E"
"781",1,781,314.11,315.2,10,"E"
"782",1,782,315.2,315.36,-3,"E"
"783",1,783,315.36,315.78,1,"E"
"784",1,784,315.78,315.86,-3,"E"
"785",1,785,315.86,316.08,32,"E"
"786",1,786,316.08,316.14,-8,"E"
"787",1,787,316.14,316.32,43,"E"
"788",1,788,316.32,316.41,-10,"E"
"789",1,789,316.41,316.7,54,"E"
"790",1,790,316.7,317.275,-6,"E"
"791",1,791,317.275,317.68,6,"E"
"792",1,792,317.68,317.775,-10,"E"
"793",1,793,317.775,318.195,8,"E"
"794",1,794,318.195,318.457,-8,"E"
"795",1,795,318.457,318.624,0,"E"
"796",1,796,318.624,318.865,-8,"E"
"797",1,797,318.865,319.54,21,"E"
"798",1,798,319.54,319.585,-2.5,"E"
"799",1,799,319.585,319.755,15,"E"
"800",1,800,319.755,319.86,-8,"E"
"801",1,801,319.86,319.88,0,"E"
"802",1,802,319.88,320.1,68,"E"
"803",1,803,320.1,320.22,-2,"E"
"804",1,804,320.22,320.458,46,"E"
"805",1,805,320.458,320.535,-2,"E"
"806",1,806,320.535,320.71,42,"E"
"807",1,807,320.71,320.745,-1,"E"
"808",1,808,320.745,321.065,35,"E"
"809",1,809,321.065,321.255,-6,"E"
"810",1,810,321.255,321.505,52,"E"
"811",1,811,321.505,321.537,-3,"E"
"812",1,812,321.537,321.655,12,"E"
"813",1,813,321.655,321.735,-6,"E"
"814",1,814,321.735,321.985,14,"E"
"815",1,815,321.985,322.29,-8,"E"
"816",1,816,322.29,322.59,32,"E"
"817",1,817,322.59,323.14,-10,"E"
"818",1,818,323.14,323.765,19.5,"E"
"819",1,819,323.765,323.805,-2.5,"E"
"820",1,820,323.805,323.96,5,"E"
"821",1,821,323.96,324.15,-7,"E"
"822",1,822,324.15,324.855,7,"E"
"823",1,823,324.855,325.635,-9,"E"
"824",1,824,325.635,326.15,7,"E"
"825",1,825,326.15,326.275,-10,"E"
"826",1,826,326.275,326.795,5,"E"
"827",1,827,326.795,326.895,-11,"E"
"828",1,828,326.895,327.015,7,"E"
"829",1,829,327.015,327.157,-9.5,"E"
"830",1,830,327.157,327.24,9.5,"E"
"831",1,831,327.24,327.3,-7.8,"E"
"832",1,832,327.3,327.325,6.5,"E"
"833",1,833,327.325,327.36,-3,"E"
"834",1,834,327.36,327.675,10,"E"
"835",1,835,327.675,327.712,-2.5,"E"
"836",1,836,327.712,327.835,10,"E"
"837",1,837,327.835,327.88,-2.5,"E"
"838",1,838,327.88,328.11,6,"E"
"839",1,839,328.11,328.15,-4,"E"
"840",1,840,328.15,328.2,7,"E"
"841",1,841,328.2,328.415,-12,"E"
"842",1,842,328.415,329.28,29,"E"
"843",1,843,329.28,329.316,-3,"E"
"844",1,844,329.316,329.585,17,"E"
"845",1,845,329.585,329.85,-8.5,"E"
"846",1,846,329.85,329.9,16,"E"
"847",1,847,329.9,329.98,-7,"E"
"848",1,848,329.98,330.04,6,"E"
"849",1,849,330.04,330.09,-6.8,"E"
"850",1,850,330.09,330.195,4,"E"
"851",1,851,330.195,330.36,-13,"E"
"852",1,852,330.36,330.6,1.5,"E"
"853",1,853,330.6,330.875,-14,"E"
"854",1,854,330.875,331.049,0,"E"
"855",1,855,331.049,331.225,-17,"E"
"856",1,856,331.225,332.41,1,"E"
"857",1,857,332.41,332.445,-6,"E"
"858",1,858,332.445,332.545,8,"E"
"859",1,859,332.545,332.625,-9,"E"
"860",1,860,332.625,332.91,11,"E"
"861",1,861,332.91,333.065,-9,"E"
"862",1,862,333.065,333.55,23,"E"
"863",1,863,333.55,333.905,-11.5,"E"
"864",1,864,333.905,334.15,24,"E"
"865",1,865,334.15,334.43,-9,"E"
"866",1,866,334.43,334.82,27,"E"
"867",1,867,334.82,334.97,-6.5,"E"
"868",1,868,334.97,335.8,24,"E"
"869",1,869,335.8,336.385,-5,"E"
"870",1,870,336.385,336.738,2,"E"
"871",1,871,336.738,336.955,-5,"E"
"872",1,872,336.955,337.5,8,"E"
"873",1,873,337.5,337.645,-7,"E"
"874",1,874,337.645,337.82,5,"E"
"875",1,875,337.82,337.865,-4,"E"
"876",1,876,337.865,338.03,4,"E"
"877",1,877,338.03,338.068,-8,"E"
"878",1,878,338.068,338.6,4,"E"
"879",1,879,338.6,338.757,-5,"E"
"880",1,880,338.757,338.97,7,"E"
"881",1,881,338.97,339.045,-7,"E"
"882",1,882,339.045,339.16,6,"E"
"883",1,883,339.16,339.405,-6,"E"
"884",1,884,339.405,340,10,"E"
"885",1,885,340,340.7,-6,"E"
"886",1,886,340.7,341.035,7,"E"
"887",1,887,341.035,341.1,-7,"E"
"888",1,888,341.1,341.2,6,"E"
"889",1,889,341.2,341.72,-6,"E"
"890",1,890,341.72,341.83,7,"E"
"891",1,891,341.83,342.015,-7,"E"
"892",1,892,342.015,342.47,12,"E"
"893",1,893,342.47,343.62,-8,"E"
"894",1,894,343.62,344.425,8,"E"
"895",1,895,344.425,344.475,-4,"E"
"896",1,896,344.475,344.885,8,"E"
"897",1,897,344.885,345.26,-6,"E"
"898",1,898,345.26,345.83,8,"E"
"899",1,899,345.83,345.96,-5,"E"
"900",1,900,345.96,346.12,7,"E"
"901",1,901,346.12,346.17,-5,"E"
"902",1,902,346.17,346.61,10,"E"
"903",1,903,346.61,346.995,-7,"E"
"904",1,904,346.995,347.365,5,"E"
"905",1,905,347.365,348.015,-6,"E"
"906",1,906,348.015,348.4,24,"E"
"907",1,907,348.4,348.715,-7,"E"
"908",1,908,348.715,348.96,10,"E"
"909",1,909,348.96,352.325,-5,"E"
"910",1,910,352.325,352.59,28,"E"
"911",1,911,352.59,353.11,-8,"E"
"912",1,912,353.11,353.32,20,"E"
"913",1,913,353.32,353.658,-10,"E"
"914",1,914,353.658,353.743,0,"E"
"915",1,915,353.743,353.77,-7,"E"
"916",1,916,353.77,354.82,10,"E"
"917",1,917,354.82,355.53,-7,"E"
"918",1,918,355.53,355.84,18,"E"
"919",1,919,355.84,355.87,-4,"E"
"920",1,920,355.87,356.065,15,"E"
"921",1,921,356.065,356.13,-7,"E"
"922",1,922,356.13,356.385,14,"E"
"923",1,923,356.385,356.485,-9,"E"
"924",1,924,356.485,357.02,34,"E"
"925",1,925,357.02,357.495,-9,"E"
"926",1,926,357.495,357.66,23,"E"
"927",1,927,357.66,357.71,-4,"E"
"928",1,928,357.71,358.28,20,"E"
"929",1,929,358.28,359.765,-8,"E"
"930",1,930,359.765,360.185,5,"E"
"931",1,931,360.185,360.92,-4,"E"
"932",1,932,360.92,361.8,20,"E"
"933",1,933,361.8,362.59,-4,"E"
"934",1,934,362.59,363.16,7,"E"
"935",1,935,363.16,363.6,-5,"E"
"936",1,936,363.6,363.7,4,"E"
"937",1,937,363.7,363.98,-3,"E"
"938",1,938,363.98,364.42,5,"E"
"939",1,939,364.42,364.94,-4,"E"
"940",1,940,364.94,365.175,28,"E"
"941",1,941,365.175,365.186,-3,"E"
"942",1,942,365.186,365.374,0,"E"
"943",1,943,365.374,366.61,-6,"E"
"944",1,944,366.61,367.22,32,"E"
"945",1,945,367.22,367.3,-4,"E"
"946",1,946,367.3,367.73,15,"E"
"947",1,947,367.73,368.34,-6,"E"
"948",1,948,368.34,368.855,20,"E"
"949",1,949,368.855,369.39,-3,"E"
"950",1,950,369.39,369.8,15,"E"
"951",1,951,369.8,370.61,-8,"E"
"952",1,952,370.61,371.04,15,"E"
"953",1,953,371.04,371.12,-3,"E"
"954",1,954,371.12,371.84,20,"E"
"955",1,955,371.84,372.7,-7,"E"
"956",1,956,372.7,373.07,10,"E"
"957",1,957,373.07,373.2,-4,"E"
"958",1,958,373.2,373.65,18,"E"
"959",1,959,373.65,373.88,-7,"E"
"960",1,960,373.88,374.04,5,"E"
"961",1,961,374.04,374.21,-6,"E"
"962",1,962,374.21,374.66,16,"E"
"963",1,963,374.66,374.74,-7,"E"
"964",1,964,374.74,375.215,33,"E"
"965",1,965,375.215,375.75,-9,"E"
"966",1,966,375.75,375.95,14,"E"
"967",1,967,375.95,376.05,-3,"E"
"968",1,968,376.05,376.97,9.5,"E"
"969",1,969,376.97,377.665,-9,"E"
"970",1,970,377.665,378.31,18,"E"
"971",1,971,378.31,378.42,-5,"E"
"972",1,972,378.42,379.1,12,"E"
"973",1,973,379.1,379.23,-1,"E"
"974",1,974,379.23,379.785,7,"E"
"975",1,975,379.785,379.875,-3,"E"
"976",1,976,379.875,380.01,2.5,"E"
"977",1,977,380.01,380.37,-6,"E"
"978",1,978,380.37,380.6,22,"E"
"979",1,979,380.6,381.095,-10,"E"
"980",1,980,381.095,381.26,23,"E"
"981",1,981,381.26,381.455,-4,"E"
"982",1,982,381.455,382.74,19,"E"
"983",1,983,382.74,386.848,-7,"E"
"984",1,984,386.848,387.765,-6,"E"
"985",1,985,387.765,388.007,10,"E"
"986",1,986,388.007,388.125,-5,"E"
"987",1,987,388.125,388.725,60,"E"
"988",1,988,388.725,389.1,-5,"E"
"989",1,989,389.1,389.155,5,"E"
"990",1,990,389.155,389.385,-6,"E"
"991",1,991,389.385,389.71,8,"E"
"992",1,992,389.71,390.935,-7,"E"
"993",1,993,390.935,391.42,23,"E"
"994",1,994,391.42,392.13,-7,"E"
"995",1,995,392.13,392.45,30,"E"
"996",1,996,392.45,392.585,-5,"E"
"997",1,997,392.585,392.94,15,"E"
"998",1,998,392.94,393.26,-7,"E"
"999",1,999,393.26,393.525,11,"E"
"1000",1,1000,393.525,394.265,-7,"E"
"1001",1,1001,394.265,395.13,8,"E"
"1002",1,1002,395.13,395.475,-4,"E"
"1003",1,1003,395.475,395.935,30,"E"
"1004",1,1004,395.935,397.35,-5,"E"
"1005",1,1005,397.35,397.67,9,"E"
"1006",1,1006,397.67,397.85,-5,"E"
"1007",1,1007,397.85,398.09,25,"E"
"1008",1,1008,398.09,398.26,-4,"E"
"1009",1,1009,398.26,398.545,7,"E"
"1010",1,1010,398.545,398.7,-4,"E"
"1011",1,1011,398.7,399.155,24,"E"
"1012",1,1012,399.155,399.476,-10,"E"
"1013",1,1013,399.476,399.578,0,"E"
"1014",1,1014,399.578,399.845,-8,"E"
"1015",1,1015,399.845,400.26,29,"E"
"1016",1,1016,400.26,400.375,-3.5,"E"
"1017",1,1017,400.375,400.835,10,"E"
"1018",1,1018,400.835,401.05,-4,"E"
"1019",1,1019,401.05,401.255,12,"E"
"1020",1,1020,401.255,401.705,-2,"E"
"1021",1,1021,401.705,402.415,21,"E"
"1022",1,1022,402.415,402.795,-5,"E"
"1023",1,1023,402.795,403.83,27,"E"
"1024",1,1024,403.83,406.94,-4,"E"
"1025",1,1025,406.94,407.18,21,"E"
"1026",1,1026,407.18,408.255,-4,"E"
"1027",1,1027,408.255,408.7,26,"E"
"1028",1,1028,408.7,409.76,-4,"E"
"1029",1,1029,409.76,410.09,31,"E"
"1030",1,1030,410.09,410.72,-2,"E"
"1031",1,1031,410.72,411.17,4,"E"
"1032",1,1032,411.17,411.41,-5,"E"
"1033",1,1033,411.41,411.8,28,"E"
"1034",1,1034,411.8,412.025,-5,"E"
"1035",1,1035,412.025,412.345,4.5,"E"
"1036",1,1036,412.345,413.115,-5,"E"
"1037",1,1037,413.115,414.05,23,"E"
"1038",1,1038,414.05,414.496,-10,"E"
"1039",1,1039,414.496,414.898,0,"E"
"1040",1,1040,414.898,416.07,-13,"E"
"1041",1,1041,416.07,417.06,24,"E"
"1042",1,1042,417.06,417.32,-13,"E"
"1043",1,1043,417.32,418.015,23,"E"
"1044",1,1044,418.015,418.06,-4,"E"
"1045",1,1045,418.06,418.215,4,"E"
"1046",1,1046,418.215,418.57,-13,"E"
"1047",1,1047,418.57,419.53,15,"E"
"1048",1,1048,419.53,419.81,-10,"E"
"1049",1,1049,419.81,419.98,6,"E"
"1050",1,1050,419.98,420.09,-5,"E"
"1051",1,1051,420.09,420.6,7,"E"
"1052",1,1052,420.6,420.66,-6,"E"
"1053",1,1053,420.66,424.3,7,"E"
"1054",1,1054,424.3,425.04,-4,"E"
"1055",1,1055,425.04,425.475,11.5,"E"
"1056",1,1056,425.475,425.595,-8,"E"
"1057",1,1057,425.595,425.725,5,"E"
"1058",1,1058,425.725,426.02,-7,"E"
"1059",1,1059,426.02,426.95,9,"E"
"1060",1,1060,426.95,428.46,-13,"E"
"1061",1,1061,428.46,429.37,1,"E"
"1062",1,1062,429.37,429.955,-8,"E"
"1063",1,1063,429.955,430.6,2,"E"
"1064",1,1064,430.6,430.795,-6,"E"
"1065",1,1065,430.795,431.89,32,"E"
"1066",1,1066,431.89,432.77,-20,"E"
"1067",1,1067,432.77,433.065,10,"E"
"1068",1,1068,433.065,433.315,-11,"E"
"1069",1,1069,433.315,435.035,28,"E"
"1070",1,1070,435.035,437.9,-4,"E"
"1071",1,1071,437.9,438.27,3.3,"E"
"1072",1,1072,438.27,441.595,-14,"E"
"1073",1,1073,441.595,443.155,7.8,"E"
"1074",1,1074,443.155,443.46,-14,"E"
"1075",1,1075,443.46,443.57,7.5,"E"
"1076",1,1076,443.57,443.615,-14,"E"
"1077",1,1077,443.615,443.715,4,"E"
"1078",1,1078,443.715,444.075,-16,"E"
"1079",1,1079,444.075,446.03,6,"E"
"1080",1,1080,446.03,446.475,-8,"E"
"1081",1,1081,446.475,446.85,2,"E"
"1082",1,1082,446.85,446.95,-6,"E"
"1083",1,1083,446.95,447.39,5,"E"
"1084",1,1084,447.39,447.64,-14,"E"
"1085",1,1085,447.64,448.53,10,"E"
"1086",1,1086,448.53,448.6,-6,"E"
"1087",1,1087,448.6,448.73,5,"E"
"1088",1,1088,448.73,448.815,-6,"E"
"1089",1,1089,448.815,449.015,2,"E"
"1090",1,1090,449.015,449.29,-6,"E"
"1091",1,1091,449.29,449.42,1.5,"E"
"1092",1,1092,449.42,449.785,-2,"E"
"1093",1,1093,449.785,451.475,4,"E"
"1094",1,1094,451.475,451.87,-2,"E"
"1095",1,1095,451.87,452.515,2,"E"
"1096",1,1096,452.515,452.735,-2,"E"
"1097",1,1097,452.735,453.275,2,"E"
"1098",1,1098,453.275,453.53,-2,"E"
"1099",1,1099,453.53,453.555,2,"E"
"1100",1,1100,453.555,454.39,-4,"E"
"1101",1,1101,454.39,455.67,2,"E"
"1102",1,1102,455.67,455.69,-2,"E"
"1103",1,1103,455.69,455.715,2,"E"
"1104",1,1104,455.715,455.73,-2,"E"
"1105",1,1105,455.73,455.755,4,"E"
"1106",1,1106,455.755,456.82,-2,"E"
"1107",1,1107,456.82,458.15,5,"E"
"1108",1,1108,458.15,458.64,-4,"E"
"1109",1,1109,458.64,458.66,2,"E"
"1110",1,1110,458.66,462.89,-2,"E"
"1111",1,1111,462.89,463.808,2,"E"
"1112",1,1112,463.808,464.86,-10,"E"
"1113",1,1113,464.86,467.45,10,"E"
"1114",1,1114,467.45,470.45,-15,"E"
"1115",1,1115,470.45,473.18,12,"E"
"1116",1,1116,473.18,475.56,-18,"E"
"1117",1,1117,475.56,475.9,2,"E"
"1118",1,1118,475.9,476.16,-4,"E"
"1119",1,1119,476.16,476.5,2,"E"
"1120",1,1120,476.5,480.08,-2,"E"
"1121",1,1121,480.08,484.225,13,"E"
"1122",1,1122,484.225,484.614,-12,"E"
"1123",1,1123,484.614,485.362,20,"E"
"1124",1,1124,485.362,485.436,-2,"E"
"1125",1,1125,485.436,485.562,12,"E"
"1126",1,1126,485.562,485.76,-20,"E"
"1127",1,1127,485.76,485.9,16,"E"
"1128",1,1128,485.9,486,-22,"E"
"1129",1,1129,486,486.12,25,"E"
"1130",1,1130,486.12,486.33,-22,"E"
"1131",1,1131,486.33,486.854,22,"E"
"1132",1,1132,486.854,487.09,-42,"E"
"1133",1,1133,487.09,487.33,16,"E"
"1134",1,1134,487.33,487.43,-5,"E"
"1135",1,1135,487.43,487.665,22,"E"
"1136",1,1136,487.665,488.112,-18,"E"
"1137",1,1137,488.112,488.27,30,"E"
"1138",1,1138,488.27,488.916,-18,"E"
"1139",1,1139,488.916,489.81,29,"E"
"1140",1,1140,489.81,490.09,-18,"E"
"1141",1,1141,490.09,490.42,19,"E"
"1142",1,1142,490.42,490.62,-18,"E"
"1143",1,1143,490.62,490.79,24,"E"
"1144",1,1144,490.79,491.05,-18,"E"
"1145",1,1145,491.05,491.23,28,"E"
"1146",1,1146,491.23,491.84,-20,"E"
"1147",1,1147,491.84,492.45,29,"E"
"1148",1,1148,492.45,492.57,-8,"E"
"1149",1,1149,492.57,492.7,16,"E"
"1150",1,1150,492.7,492.89,-10,"E"
"1151",1,1151,492.89,493.05,23,"E"
"1152",1,1152,493.05,493.885,-21,"E"
"1153",1,1153,493.885,494.359,28,"E"
"1154",1,1154,494.359,494.499,-5,"E"
"1155",1,1155,494.499,494.902,24,"E"
"1156",1,1156,494.902,495.059,-6,"E"
"1157",1,1157,495.059,495.528,0,"E"
"1158",1,1158,495.528,495.779,-8,"E"
"1159",1,1159,495.779,495.9,8,"E"
"1160",1,1160,495.9,496,-4,"E"
"1161",1,1161,496,496.083,6,"E"
"1162",1,1162,496.083,496.183,-4,"E"
"1163",1,1163,496.183,496.482,32,"E"
"1164",1,1164,496.482,496.527,-4,"E"
"1165",1,1165,496.527,496.747,6,"E"
"1166",1,1166,496.747,497.3,0,"E"
"1167",1,1167,497.3,497.72,29,"E"
"1168",1,1168,497.72,497.92,0,"E"
"1169",1,1169,497.8,498.2,0,"E"
"1170",1,1170,497.92,497.8,-4,"E"
"1171",1,1171,498.2,498.73,2,"E"
"1172",1,1172,498.73,499.165,-6,"E"
"1173",1,1173,499.165,501.202,28,"E"
"1174",1,1174,501.202,502.24,-2,"E"
"1175",1,1175,502.24,502.462,6,"E"
"1176",1,1176,502.462,502.845,-18,"E"
"1177",1,1177,502.845,503.393,6,"E"
"1178",1,1178,503.393,504.695,-20,"E"
"1179",1,1179,504.695,504.785,4,"E"
"1180",1,1180,504.785,504.99,-8,"E"
"1181",1,1181,504.99,506.565,16,"E"
"1182",1,1182,506.565,506.711,-5,"E"
"1183",1,1183,506.711,507.079,0,"E"
"1184",1,1184,507.079,507.19,-6,"E"
"1185",1,1185,507.19,508.06,22,"E"
"1186",1,1186,508.06,508.69,-20,"E"
"1187",1,1187,508.69,508.98,10,"E"
"1188",1,1188,508.98,509.31,-6,"E"
"1189",1,1189,509.31,510.62,12,"E"
"1190",1,1190,510.62,510.828,-6,"E"
"1191",1,1191,510.828,511.421,0,"E"
"1192",1,1192,511.421,512.03,-10,"E"
"1193",1,1193,512.03,514.69,2,"E"
"1194",1,1194,514.69,515.26,-18,"E"
"1195",1,1195,515.26,515.373,6,"E"
"1196",1,1196,515.373,516.49,8,"E"
"1197",1,1197,516.49,516.72,-16,"E"
"1198",1,1198,516.72,517.42,5,"E"
"1199",1,1199,517.42,518.66,-18,"E"
"1200",1,1200,518.66,520.04,8,"E"
"1201",1,1201,520.04,520.76,-8,"E"
"1202",1,1202,520.76,521.19,8,"E"
"1203",1,1203,521.19,521.534,-13,"E"
"1204",1,1204,521.534,522.04,8,"E"
"1205",1,1205,522.04,522.425,-14,"E"
"1206",1,1206,522.425,522.7,6,"E"
"1207",1,1207,522.7,522.744,-5,"E"
"1208",1,1208,522.744,522.92,6,"E"
"1209",1,1209,522.92,522.97,-4,"E"
"1210",1,1210,522.97,523.42,9,"E"
"1211",1,1211,523.42,524.04,-13,"E"
"1212",1,1212,524.04,524.3,4,"E"
"1213",1,1213,524.3,524.65,-15,"E"
"1214",1,1214,524.65,525.284,4,"E"
"1215",1,1215,525.284,525.38,-4,"E"
"1216",1,1216,525.38,525.7,6,"E"
"1217",1,1217,525.7,526.21,-20,"E"
"1218",1,1218,526.21,526.9,14,"E"
"1219",1,1219,526.9,527.42,-18,"E"
"1220",1,1220,527.42,527.62,4,"E"
"1221",1,1221,527.62,527.74,-20,"E"
"1222",1,1222,527.74,528.02,5,"E"
"1223",1,1223,528.02,528.08,-5,"E"
"1224",1,1224,528.08,528.71,10,"E"
"1225",1,1225,528.71,528.76,-6,"E"
"1226",1,1226,528.76,529.12,14,"E"
"1227",1,1227,529.12,529.41,-16,"E"
"1228",1,1228,529.41,529.91,6,"E"
"1229",1,1229,529.91,530.63,-4,"E"
"1230",1,1230,530.63,531.16,14,"E"
"1231",1,1231,531.16,531.7,-22,"E"
"1232",1,1232,531.7,532.39,12,"E"
"1233",1,1233,532.39,532.66,-5,"E"
"1234",1,1234,532.66,532.734,2,"E"
"1235",1,1235,532.734,533.23,-6,"E"
"1236",1,1236,533.23,533.314,5,"E"
"1237",1,1237,533.314,533.85,-12,"E"
"1238",1,1238,533.85,534.11,18,"E"
"1239",1,1239,534.11,534.145,-2,"E"
"1240",1,1240,534.145,534.54,18,"E"
"1241",1,1241,534.54,535.176,-18,"E"
"1242",1,1242,535.176,536,10,"E"
"1243",1,1243,536,536.09,-8,"E"
"1244",1,1244,536.09,536.27,4,"E"
"1245",1,1245,536.27,536.37,-4,"E"
"1246",1,1246,536.37,536.66,8,"E"
"1247",1,1247,536.66,536.85,-8,"E"
"1248",1,1248,536.85,536.94,2,"E"
"1249",1,1249,536.94,537.08,-5,"E"
"1250",1,1250,537.08,537.52,2,"E"
"1251",1,1251,537.52,538.175,-10,"E"
"1252",1,1252,538.175,538.9,18,"E"
"1253",1,1253,538.9,539.28,-2,"E"
"1254",1,1254,539.28,539.365,2,"E"
"1255",1,1255,539.365,539.465,-2,"E"
"1256",1,1256,539.465,540.04,3,"E"
"1257",1,1257,540.04,540.744,-2,"E"
"1258",1,1258,540.744,542.325,18,"E"
"1259",1,1259,542.325,542.8,-3,"E"
"1260",1,1260,542.8,542.968,13,"E"
"1261",1,1261,542.968,543.184,-13,"E"
"1262",1,1262,543.184,543.38,17,"E"
"1263",1,1263,543.38,544.19,-12,"E"
"1264",1,1264,544.19,544.53,28,"E"
"1265",1,1265,544.53,544.68,-6,"E"
"1266",1,1266,544.68,545.256,12,"E"
"1267",1,1267,545.256,545.354,-6,"E"
"1268",1,1268,545.354,545.48,10,"E"
"1269",1,1269,545.48,545.8,-6,"E"
"1270",1,1270,545.8,546.038,15,"E"
"1271",1,1271,546.038,546.1,-8,"E"
"1272",1,1272,546.1,546.15,14,"E"
"1273",1,1273,546.15,546.3,-13,"E"
"1274",1,1274,546.3,546.376,8,"E"
"1275",1,1275,546.376,546.576,-10,"E"
"1276",1,1276,546.576,546.936,26,"E"
"1277",1,1277,546.936,547.19,-17,"E"
"1278",1,1278,547.19,547.3,15,"E"
"1279",1,1279,547.3,547.6,-20,"E"
"1280",1,1280,547.6,547.82,10,"E"
"1281",1,1281,547.82,548.215,-18,"E"
"1282",1,1282,548.215,548.818,12,"E"
"1283",1,1283,548.818,549.51,-22,"E"
"1284",1,1284,549.51,549.6,8,"E"
"1285",1,1285,549.6,549.81,-5,"E"
"1286",1,1286,549.81,549.99,10,"E"
"1287",1,1287,549.99,550.2,-8,"E"
"1288",1,1288,550.2,550.742,10,"E"
"1289",1,1289,550.742,551.172,-11,"E"
"1290",1,1290,551.172,551.22,8,"E"
"1291",1,1291,551.22,551.655,-18,"E"
"1292",1,1292,551.655,551.73,12,"E"
"1293",1,1293,551.73,551.83,-10,"E"
"1294",1,1294,551.83,551.944,12,"E"
"1295",1,1295,551.944,552.19,-8,"E"
"1296",1,1296,552.19,552.63,10,"E"
"1297",1,1297,552.63,552.735,-4,"E"
"1298",1,1298,552.735,552.93,10,"E"
"1299",1,1299,552.93,553.13,-2,"E"
"1300",1,1300,553.13,553.3,8,"E"
"1301",1,1301,553.3,553.37,-5,"E"
"1302",1,1302,553.37,553.41,4,"E"
"1303",1,1303,553.41,554.04,-9,"E"
"1304",1,1304,554.04,554.26,2,"E"
"1305",1,1305,554.26,554.35,-5,"E"
"1306",1,1306,554.35,554.614,10,"E"
"1307",1,1307,554.614,554.976,-10,"E"
"1308",1,1308,554.976,555.062,4,"E"
"1309",1,1309,555.062,555.28,-4,"E"
"1310",1,1310,555.28,555.412,10,"E"
"1311",1,1311,555.412,556.01,-15,"E"
"1312",1,1312,556.01,556.136,14,"E"
"1313",1,1313,556.136,557.78,-5,"E"
"1314",1,1314,557.78,557.952,12,"E"
"1315",1,1315,557.952,558.224,-3,"E"
"1316",1,1316,558.224,558.4,10,"E"
"1317",1,1317,558.4,558.92,-2,"E"
"1318",1,1318,558.92,560.66,22,"E"
"1319",1,1319,560.66,561.43,-10,"E"
"1320",1,1320,561.43,561.524,10,"E"
"1321",1,1321,561.524,561.9,-10,"E"
"1322",1,1322,561.9,561.946,8,"E"
"1323",1,1323,561.946,562.142,-10,"E"
"1324",1,1324,562.142,562.28,4,"E"
"1325",1,1325,562.28,562.468,-1,"E"
"1326",1,1326,562.468,562.556,6,"E"
"1327",1,1327,562.556,562.878,-16,"E"
"1328",1,1328,562.878,563.144,28,"E"
"1329",1,1329,563.144,563.214,-15,"E"
"1330",1,1330,563.214,563.27,1,"E"
"1331",1,1331,563.27,563.7,-35,"E"
"1332",1,1332,563.7,564.333,20,"E"
"1333",1,1333,564.333,564.409,-8,"E"
"1334",1,1334,564.409,564.509,10,"E"
"1335",1,1335,564.509,564.531,-6,"E"
"1336",1,1336,564.531,564.716,10,"E"
"1337",1,1337,564.716,565.235,-12,"E"
"1338",1,1338,565.235,565.3,10,"E"
"1339",1,1339,565.3,565.8,-8,"E"
"1340",1,1340,565.8,566.189,22,"E"
"1341",1,1341,566.189,566.674,-10,"E"
"1342",1,1342,566.674,566.93,20,"E"
"1343",1,1343,566.93,567.909,-20,"E"
"1344",1,1344,567.909,568.436,8,"E"
"1345",1,1345,568.436,568.548,-11,"E"
"1346",1,1346,568.548,568.872,20,"E"
"1347",1,1347,568.872,568.982,-5,"E"
"1348",1,1348,568.982,569.846,13,"E"
"1349",1,1349,569.846,570.026,-5,"E"
"1350",1,1350,570.026,570.57,18,"E"
"1351",1,1351,570.57,571.026,-2,"E"
"1352",1,1352,571.026,572.054,12,"E"
"1353",1,1353,572.054,572.67,-3,"E"
"1354",1,1354,572.67,572.8,5,"E"
"1355",1,1355,572.8,572.908,-1.6,"E"
"1356",1,1356,572.908,573.214,8,"E"
"1357",1,1357,573.214,573.372,-1,"E"
"1358",1,1358,573.372,574.682,12,"E"
"1359",1,1359,574.682,574.77,-2,"E"
"1360",1,1360,574.77,575.109,5,"E"
"1361",1,1361,575.109,575.311,-2,"E"
"1362",1,1362,575.311,575.528,1.5,"E"
"1363",1,1363,575.528,575.747,-2,"E"
"1364",1,1364,575.747,576.657,4,"E"
"1365",1,1365,576.657,577.784,-11,"E"
"1366",1,1366,577.784,578.708,7,"E"
"1367",1,1367,578.708,579.163,-14,"E"
"1368",1,1368,579.163,579.3,5,"E"
"1369",1,1369,579.3,579.368,-5,"E"
"1370",1,1370,579.368,579.435,4,"E"
"1371",1,1371,579.435,579.619,-3,"E"
"1372",1,1372,579.619,579.716,4,"E"
"1373",1,1373,579.716,579.8,-5,"E"
"1374",1,1374,579.8,580.168,2,"E"
"1375",1,1375,580.168,581.079,-10,"E"
"1376",1,1376,581.079,581.4,5,"E"
"1377",1,1377,581.4,581.878,-6,"E"
"1378",1,1378,581.878,582.303,1,"E"
"1379",1,1379,582.303,583.118,-3,"E"
"1380",1,1380,583.118,584.4,15,"E"
"1381",1,1381,584.4,584.577,-17,"E"
"1382",1,1382,584.577,584.7,1.5,"E"
"1383",1,1383,584.7,585.3,-22,"E"
"1384",1,1384,585.3,585.568,11,"E"
"1385",1,1385,585.568,585.982,-11,"E"
"1386",1,1386,585.982,586.5,12,"E"
"1387",1,1387,586.5,586.55,-3,"E"
"1388",1,1388,586.55,586.915,31,"E"
"1389",1,1389,586.915,587.637,-27,"E"
"1390",1,1390,587.637,587.883,3.5,"E"
"1391",1,1391,587.883,588.056,-5,"E"
"1392",1,1392,588.056,588.246,4,"E"
"1393",1,1393,588.246,588.652,-11,"E"
"1394",1,1394,588.652,588.978,5,"E"
"1395",1,1395,588.978,589.182,-8,"E"
"1396",1,1396,589.182,589.414,33.5,"E"
"1397",1,1397,589.414,590.6,-17,"E"
"1398",1,1398,590.6,591.81,24,"E"
"1399",1,1399,591.81,592.012,-5,"E"
"1400",1,1400,592.012,592.515,9,"E"
"1401",1,1401,592.515,592.756,-6.5,"E"
"1402",1,1402,592.756,593.1,5,"E"
"1403",1,1403,593.1,593.507,-13,"E"
"1404",1,1404,593.507,594.756,20,"E"
"1405",1,1405,594.756,595.337,-31.2,"E"
"1406",1,1406,595.337,595.81,8,"E"
"1407",1,1407,595.81,596.137,-26,"E"
"1408",1,1408,596.137,596.34,5,"E"
"1409",1,1409,596.34,596.432,-12,"E"
"1410",1,1410,596.432,597.2,13,"E"
"1411",1,1411,597.2,597.34,-6.4,"E"
"1412",1,1412,597.34,597.635,19,"E"
"1413",1,1413,597.635,598.08,-10.5,"E"
"1414",1,1414,598.08,598.284,9,"E"
"1415",1,1415,598.284,598.614,-24.3,"E"
"1416",1,1416,598.614,599.958,29,"E"
"1417",1,1417,599.958,601.54,-27.5,"E"
"1418",1,1418,601.54,603.216,20,"E"
"1419",1,1419,603.216,604.262,-29.5,"E"
"1420",1,1420,604.262,605.806,14.5,"E"
"1421",1,1421,605.806,606.954,-29.1,"E"
"1422",1,1422,606.954,608.254,13,"E"
"1423",1,1423,608.254,608.528,-13,"E"
"1424",1,1424,608.528,609.778,9,"E"
"1425",1,1425,609.778,610.109,-29,"E"
"1426",1,1426,610.109,610.206,0,"E"
"1427",1,1427,610.206,610.394,-35,"E"
"1428",1,1428,610.394,611.12,9,"E"
"1429",1,1429,611.12,612,-36,"E"
"1430",1,1430,612,613.9,5,"E"
"1431",1,1431,613.9,614.28,-16,"E"
"1432",1,1432,614.28,614.874,8,"E"
"1433",1,1433,614.874,615.413,-25,"E"
"1434",1,1434,615.413,615.474,0,"E"
"1435",1,1435,615.474,615.9,-24,"E"
"1436",1,1436,615.9,617.2,4,"E"
"1437",1,1437,617.2,617.52,-10,"E"
"1438",1,1438,617.52,618.85,4,"E"
"1439",1,1439,618.85,620.08,-14,"E"
"1440",1,1440,620.08,622.17,2.5,"E"
"1441",1,1441,622.17,623.063,-21,"E"
"1442",1,1442,623.063,623.167,0,"E"
"1443",1,1443,623.167,623.94,-28,"E"
"1444",1,1444,623.94,625.778,4.2,"E"
"1445",1,1445,625.778,625.804,-3,"E"
"1446",1,1446,625.804,626.216,2.3,"E"
"1447",1,1447,626.216,626.244,-3,"E"
"1448",1,1448,626.244,628.322,5.6,"E"
"1449",1,1449,628.322,629.02,-21.8,"E"
"1450",1,1450,629.02,631.2,9,"E"
"1451",1,1451,631.2,631.62,-24,"E"
"1452",1,1452,631.62,632.8,3,"E"
"1453",1,1453,632.8,632.85,-7,"E"
"1454",1,1454,632.85,632.91,3,"E"
"1455",1,1455,632.91,633.052,-7,"E"
"1456",1,1456,633.052,633.67,4,"E"
"1457",1,1457,633.67,633.738,-10,"E"
"1458",1,1458,633.738,634.268,4,"E"
"1459",1,1459,634.268,634.412,-11,"E"
"1460",1,1460,634.412,635.524,6,"E"
"1461",1,1461,635.524,636.32,-24,"E"
"1462",1,1462,636.32,636.64,15,"E"
"1463",1,1463,636.64,637.12,-5,"E"
"1464",1,1464,637.12,638.122,11,"E"
"1465",1,1465,638.122,638.59,-29,"E"
"1466",1,1466,638.59,639.32,2,"E"
"1467",1,1467,639.32,639.422,-4,"E"
"1468",1,1468,639.422,639.942,7,"E"
"1469",1,1469,639.942,640.18,-7,"E"
"1470",1,1470,640.18,640.372,4,"E"
"1471",1,1471,640.372,640.486,-7,"E"
"1472",1,1472,640.486,640.75,5,"E"
"1473",1,1473,640.75,641.062,-20,"E"
"1474",1,1474,641.062,642.4,10,"E"
"1475",1,1475,642.4,642.509,-23.3,"E"
"1476",1,1476,642.509,642.585,0,"E"
"1477",1,1477,642.585,643.284,-10.2,"E"
"1478",1,1478,643.284,643.432,7,"E"
"1479",1,1479,643.432,643.468,-3.4,"E"
"1480",1,1480,643.468,643.976,5,"E"
"1481",1,1481,643.976,644.064,-5.3,"E"
"1482",1,1482,644.064,644.338,6.5,"E"
"1483",1,1483,644.338,644.376,-2.4,"E"
"1484",1,1484,644.376,645.04,6,"E"
"1485",1,1485,645.04,645.126,-4.4,"E"
"1486",1,1486,645.126,645.244,10,"E"
"1487",1,1487,645.244,645.36,-7,"E"
"1488",1,1488,645.36,646.156,12,"E"
"1489",1,1489,646.156,646.643,-17,"E"
"1490",1,1490,646.643,646.743,0,"E"
"1491",1,1491,646.743,646.988,-21,"E"
"1492",1,1492,646.988,648.55,10.5,"E"
"1493",1,1493,648.55,649.02,-25.5,"E"
"1494",1,1494,649.02,649.06,4.5,"E"
"1495",1,1495,649.06,649.25,-18.5,"E"
"1496",1,1496,649.25,649.84,5,"E"
"1497",1,1497,649.84,649.88,-18,"E"
"1498",1,1498,649.88,650.11,5,"E"
"1499",1,1499,650.11,650.23,-29,"E"
"1500",1,1500,650.23,650.566,5,"E"
"1501",1,1501,650.566,650.738,-14,"E"
"1502",1,1502,650.738,651.118,5,"E"
"1503",1,1503,651.118,651.4,-14,"E"
"1504",1,1504,651.4,651.54,-14,"E"
"1505",1,1505,651.54,652.246,7.5,"E"
"1506",1,1506,652.246,652.51,-20,"E"
"1507",1,1507,652.51,653.038,5,"E"
"1508",1,1508,653.038,653.278,-15,"E"
"1509",1,1509,653.278,653.564,16,"E"
"1510",1,1510,653.564,654.032,-19,"E"
"1511",1,1511,654.032,654.3,21,"E"
"1512",1,1512,654.3,654.728,-6,"E"
"1513",1,1513,654.728,655.254,21,"E"
"1514",1,1514,655.254,656.264,-12.5,"E"
"1515",1,1515,656.264,656.82,14,"E"
"1516",1,1516,656.82,656.9,-21,"E"
"1517",1,1517,656.9,656.96,5.5,"E"
"1518",1,1518,656.96,656.98,-21,"E"
"1519",1,1519,656.98,657.034,16,"E"
"1520",1,1520,657.034,657.674,-35,"E"
"1521",1,1521,657.674,657.934,16,"E"
"1522",1,1522,657.934,657.952,-1,"E"
"1523",1,1523,657.952,658.1,8.5,"E"
"1524",1,1524,658.1,658.322,-10,"E"
"1525",1,1525,658.322,658.346,1,"E"
"1526",1,1526,658.346,659,-14,"E"
"1527",1,1527,659,659.89,68,"E"
"1528",1,1528,659.89,660.806,-14,"E"
"1529",1,1529,660.806,661.04,25,"E"
"1530",1,1530,661.04,661.132,-14,"E"
"1531",1,1531,661.132,661.178,1,"E"
"1532",1,1532,661.178,661.28,-1,"E"
"1533",1,1533,661.28,661.306,1,"E"
"1534",1,1534,661.306,661.378,-1,"E"
"1535",1,1535,661.378,661.613,0,"E"
"1536",1,1536,661.613,662.24,-1,"E"
"1537",1,1537,662.24,662.364,1,"E"
"1538",1,1538,662.364,663.354,-1,"E"
"1539",1,1539,663.354,663.746,20,"E"
"1540",1,1540,663.746,663.962,-14,"E"
"1541",1,1541,663.962,664.67,27,"E"
"1542",1,1542,664.67,664.96,-17,"E"
"1543",1,1543,664.96,665.07,9.5,"E"
"1544",1,1544,665.07,666.048,-25.5,"E"
"1545",1,1545,666.048,666.348,42.5,"E"
"1546",1,1546,666.348,667.06,-28,"E"
"1547",1,1547,667.06,667.9,-28,"E"
"1548",1,1548,667.9,668.532,21.5,"E"
"1549",1,1549,668.532,668.746,-6,"E"
"1550",1,1550,668.746,669.43,25,"E"
"1551",1,1551,669.43,670.114,-20,"E"
"1552",1,1552,670.114,670.41,21,"E"
"1553",1,1553,670.41,670.886,-22,"E"
"1554",1,1554,670.886,670.96,10.9,"E"
"1555",1,1555,670.96,671.444,-19,"E"
"1556",1,1556,671.444,671.516,14,"E"
"1557",1,1557,671.516,671.882,-19,"E"
"1558",1,1558,671.882,672.14,30,"E"
"1559",1,1559,672.14,673.226,-13,"E"
"1560",1,1560,673.226,673.374,27,"E"
"1561",1,1561,673.374,673.71,-4,"E"
"1562",1,1562,673.71,673.956,17,"E"
"1563",1,1563,673.956,675.14,-13,"E"
"1564",1,1564,675.14,675.42,6,"E"
"1565",1,1565,675.42,676.538,-8,"E"
"1566",1,1566,676.538,677.086,42,"E"
"1567",1,1567,677.086,677.676,-9.5,"E"
"1568",1,1568,677.676,678.726,18,"E"
"1569",1,1569,678.726,678.99,-13,"E"
"1570",1,1570,678.99,679.138,15,"E"
"1571",1,1571,679.138,679.3,-1,"E"
"1572",1,1572,679.3,679.76,17,"E"
"1573",1,1573,679.76,679.98,-13,"E"
"1574",1,1574,679.98,680.216,15,"E"
"1575",1,1575,680.216,680.8,-27,"E"
"1576",1,1576,680.8,682.36,7,"E"
"1577",1,1577,682.36,682.66,-14,"E"
"1578",1,1578,682.66,682.93,5,"E"
"1579",1,1579,682.93,683.05,-4,"E"
"1580",1,1580,683.05,683.404,5,"E"
"1581",1,1581,683.404,683.558,-4,"E"
"1582",1,1582,683.558,683.83,7,"E"
"1583",1,1583,683.83,683.914,-13,"E"
"1584",1,1584,683.914,684.25,3,"E"
"1585",1,1585,684.25,684.36,-9,"E"
"1586",1,1586,684.36,684.638,6,"E"
"1587",1,1587,684.638,684.686,-3,"E"
"1588",1,1588,684.686,684.93,8,"E"
"1589",1,1589,684.93,685.746,-14,"E"
"1590",1,1590,685.746,686.54,10,"E"
"1591",1,1591,686.54,686.72,-12,"E"
"1592",1,1592,686.72,688.418,6,"E"
"1593",1,1593,688.418,689,-5,"E"
"1594",1,1594,689,689.3,1,"E"
"1595",1,1595,689.3,689.44,-5,"E"
"1596",1,1596,689.44,689.96,4,"E"
"1597",1,1597,689.96,690.2,-2.6,"E"
"1598",1,1598,690.2,690.594,2.4,"E"
"1599",1,1599,690.594,691.64,-6,"E"
"1600",1,1600,691.64,692.3,4.1,"E"
"1601",1,1601,692.3,692.896,-8.3,"E"
"1602",1,1602,692.896,693.35,2.45,"E"
"1603",1,1603,693.35,693.38,-6,"E"
"1604",1,1604,693.38,694.24,4.77,"E"
"1605",1,1605,694.24,694.446,-8,"E"
"1606",1,1606,694.446,694.625,0,"E"
"1607",1,1607,694.625,700.626,-7.1,"E"
"1608",1,1608,700.626,700.9,1,"E"
"1609",1,1609,700.9,702.33,-4,"E"
"1610",1,1610,702.33,703,8,"E"
"1611",1,1611,703,703.13,-1,"E"
"1612",1,1612,703.13,703.372,10,"E"
"1613",1,1613,703.372,703.44,-18,"E"
"1614",1,1614,703.44,703.776,5,"E"
"1615",1,1615,703.776,704.216,-20,"E"
"1616",1,1616,704.216,704.7,19,"E"
"1617",1,1617,704.7,704.83,-6,"E"
"1618",1,1618,704.83,705.06,5,"E"
"1619",1,1619,705.06,705.18,-6,"E"
"1620",1,1620,705.18,706.222,18,"E"
"1621",1,1621,706.222,706.394,-15,"E"
"1622",1,1622,706.394,706.457,0,"E"
"1623",1,1623,706.457,706.936,-5,"E"
"1624",1,1624,706.936,707.236,5,"E"
"1625",1,1625,707.236,707.39,-5,"E"
"1626",1,1626,707.39,707.762,5,"E"
"1627",1,1627,707.762,708.618,-5,"E"
"1628",1,1628,708.618,708.734,2.3,"E"
"1629",1,1629,708.734,709.04,-8,"E"
"1630",1,1630,709.04,709.624,2,"E"
"1631",1,1631,709.624,709.934,-7,"E"
"1632",1,1632,709.934,711.212,7,"E"
"1633",1,1633,711.212,711.846,-6,"E"
"1634",1,1634,711.846,712.374,12,"E"
"1635",1,1635,712.374,712.52,-22,"E"
"1636",1,1636,712.52,712.736,11,"E"
"1637",1,1637,712.736,713.17,-15,"E"
"1638",1,1638,713.17,713.53,7,"E"
"1639",1,1639,713.53,713.71,-2,"E"
"1640",1,1640,713.71,714.15,7,"E"
"1641",1,1641,714.15,714.49,-21,"E"
"1642",1,1642,714.49,714.62,0,"E"
"1643",1,1643,714.62,717.47,-22,"E"
"1644",1,1644,717.47,718.252,3,"E"
"1645",1,1645,718.252,718.314,-4,"E"
"1646",1,1646,718.314,718.576,1,"E"
"1647",1,1647,718.576,718.918,-2.3,"E"
"1648",1,1648,718.918,719.39,2.3,"E"
"1649",1,1649,719.39,720.066,-8.3,"E"
"1650",1,1650,720.066,721.1,18,"E"
"1651",1,1651,721.1,721.34,-7,"E"
"1652",1,1652,721.34,721.4,2.3,"E"
"1653",1,1653,721.4,721.86,-5,"E"
"1654",1,1654,721.86,722.034,1.3,"E"
"1655",1,1655,722.034,723,-4,"E"
"1656",1,1656,723,723.256,1,"E"
"1657",1,1657,723.256,724.797,-30,"E"
"1658",1,1658,724.797,727.141,0,"E"
"1659",1,1659,727.141,727.45,-16.15,"E"
"1660",1,1660,727.45,727.53,10.2,"E"
"1661",1,1661,727.53,728.226,-27.4,"E"
"1662",1,1662,728.226,728.49,33.4,"E"
"1663",1,1663,728.49,728.586,-7,"E"
"1664",1,1664,728.586,728.75,14.7,"E"
"1665",1,1665,728.75,728.82,-6.1,"E"
"1666",1,1666,728.82,729.04,16.8,"E"
"1667",1,1667,729.04,730.83,-12.8,"E"
"1668",1,1668,730.83,731.48,30,"E"
"1669",1,1669,731.48,731.65,-2.6,"E"
"1670",1,1670,731.65,731.976,15.6,"E"
"1671",1,1671,731.976,732.441,-22.6,"E"
"1672",1,1672,732.441,732.509,0,"E"
"1673",1,1673,732.509,732.55,-18,"E"
"1674",1,1674,732.55,732.75,18,"E"
"1675",1,1675,732.75,732.82,-20,"E"
"1676",1,1676,732.82,733,19,"E"
"1677",1,1677,733,733.032,-15,"E"
"1678",1,1678,733.032,733.12,20,"E"
"1679",1,1679,733.12,734.476,-35,"E"
"1680",1,1680,734.476,734.94,30,"E"
"1681",1,1681,734.94,736.5,-30,"E"
"1682",1,1682,736.5,736.682,1,"E"
"1683",1,1683,736.682,736.944,-17,"E"
"1684",1,1684,736.944,738.15,4,"E"
"1685",1,1685,738.15,738.416,-2,"E"
"1686",1,1686,738.416,738.47,40,"E"
"1687",1,1687,738.47,739.373,-1,"E"
"1688",1,1688,739.373,740,-15.6,"E"
"1689",1,1689,740,740.064,2.5,"E"
"1690",1,1690,740.064,740.254,-22,"E"
"1691",1,1691,740.254,740.87,9,"E"
"1692",1,1692,740.87,741.676,-2.3,"E"
"1693",1,1693,741.676,741.746,12.3,"E"
"1694",1,1694,741.746,743.164,-21,"E"
"1695",1,1695,743.164,743.317,0,"E"
"1696",1,1696,743.317,743.64,-8.3,"E"
"1697",1,1697,743.64,744.104,12,"E"
"1698",1,1698,744.104,744.352,-2.3,"E"
"1699",1,1699,744.352,744.48,6,"E"
"1700",1,1700,744.48,744.56,-3.7,"E"
"1701",1,1701,744.56,744.934,6.3,"E"
"1702",1,1702,744.934,745,-2.1,"E"
"1703",1,1703,745,745.096,1,"E"
"1704",1,1704,745.096,745.17,-2.7,"E"
"1705",1,1705,745.17,746.26,25,"E"
"1706",1,1706,746.26,747.256,-11.3,"E"
"1707",1,1707,747.256,747.82,6,"E"
"1708",1,1708,747.82,748.17,-8.3,"E"
"1709",1,1709,748.17,748.98,5,"E"
"1710",1,1710,748.98,749.216,-2.2,"E"
"1711",1,1711,749.216,749.518,13,"E"
"1712",1,1712,749.518,749.544,-8,"E"
"1713",1,1713,749.544,749.66,8.3,"E"
"1714",1,1714,749.66,749.776,-9,"E"
"1715",1,1715,749.776,750.072,9,"E"
"1716",1,1716,750.072,750.196,-8.6,"E"
"1717",1,1717,750.196,750.296,10.6,"E"
"1718",1,1718,750.296,751.156,-5,"E"
"1719",1,1719,751.156,752,20,"E"
"1720",1,1720,752,752.4,-9.5,"E"
"1721",1,1721,752.4,752.45,11,"E"
"1722",1,1722,752.45,752.64,-8,"E"
"1723",1,1723,752.64,752.756,12,"E"
"1724",1,1724,752.756,753.018,-6,"E"
"1725",1,1725,753.018,753.418,10,"E"
"1726",1,1726,753.418,753.92,-1,"E"
"1727",1,1727,753.92,754.282,12,"E"
"1728",1,1728,754.282,754.69,-2.3,"E"
"1729",1,1729,754.69,756.834,10.8,"E"
"1730",1,1730,756.834,757.056,-2,"E"
"1731",1,1731,757.056,757.94,6.1,"E"
"1732",1,1732,757.94,758.636,-1,"E"
"1733",1,1733,758.636,758.996,3,"E"
"1734",1,1734,758.996,760.05,-1.8,"E"
"1735",1,1735,760.05,760.99,4,"E"
"1736",1,1736,760.99,761.05,-1.3,"E"
"1737",1,1737,761.05,761.41,6.3,"E"
"1738",1,1738,761.41,761.63,-1.2,"E"
"1739",1,1739,761.63,761.82,7,"E"
"1740",1,1740,761.82,762.48,-1.3,"E"
"1741",1,1741,762.48,762.77,9,"E"
"1742",1,1742,762.77,762.936,-2.2,"E"
"1743",1,1743,762.936,763.34,8,"E"
"1744",1,1744,763.34,763.669,-1.9,"E"
"1745",1,1745,763.669,763.877,0,"E"
"1746",1,1746,763.877,764.352,-7,"E"
"1747",1,1747,764.352,764.558,21,"E"
"1748",1,1748,764.558,764.776,-10,"E"
"1749",1,1749,764.776,765.114,14,"E"
"1750",1,1750,765.114,765.15,-6,"E"
"1751",1,1751,765.15,765.3,22,"E"
"1752",1,1752,765.3,765.436,-2.3,"E"
"1753",1,1753,765.436,765.552,5.1,"E"
"1754",1,1754,765.552,766.423,-2.3,"E"
"1755",1,1755,766.423,766.822,1,"E"
"1756",1,1756,766.822,767.492,-11,"E"
"1757",1,1757,767.492,767.82,8.3,"E"
"1758",1,1758,767.82,767.932,-9,"E"
"1759",1,1759,767.932,767.965,4.1,"E"
"1760",1,1760,767.965,768.2,-4.9,"E"
"1761",1,1761,768.2,768.332,9,"E"
"1762",1,1762,768.332,768.393,-4.6,"E"
"1763",1,1763,768.393,768.55,11,"E"
"1764",1,1764,768.55,768.984,-4.9,"E"
"1765",1,1765,768.984,769.07,9.3,"E"
"1766",1,1766,769.07,769.117,-6.9,"E"
"1767",1,1767,769.117,769.3,10.8,"E"
"1768",1,1768,769.3,769.35,-8.6,"E"
"1769",1,1769,769.35,769.392,8.3,"E"
"1770",1,1770,769.392,769.517,-9.2,"E"
"1771",1,1771,769.517,769.62,9.1,"E"
"1772",1,1772,769.62,769.874,-6.8,"E"
"1773",1,1773,769.874,770.2,7.8,"E"
"1774",1,1774,770.2,770.35,-11,"E"
"1775",1,1775,770.35,770.42,8,"E"
"1776",1,1776,770.42,770.55,-10,"E"
"1777",1,1777,770.55,770.676,12,"E"
"1778",1,1778,770.676,770.732,-5.8,"E"
"1779",1,1779,770.732,770.787,14.2,"E"
"1780",1,1780,770.787,771,-2.3,"E"
"1781",1,1781,771,771.418,16.4,"E"
"1782",1,1782,771.418,771.62,-17.2,"E"
"1783",1,1783,771.62,771.96,18.9,"E"
"1784",1,1784,771.96,772.235,-11.3,"E"
"1785",1,1785,772.235,772.697,10,"E"
"1786",1,1786,772.697,772.893,-3.2,"E"
"1787",1,1787,772.893,773.236,3.2,"E"
"1788",1,1788,773.236,773.475,-11,"E"
"1789",1,1789,773.475,773.719,11,"E"
"1790",1,1790,773.719,774.028,-12.3,"E"
"1791",1,1791,774.028,774.108,6,"E"
"1792",1,1792,774.108,774.138,-11.1,"E"
"1793",1,1793,774.138,774.234,5,"E"
"1794",1,1794,774.234,774.477,-14.1,"E"
"1795",1,1795,774.477,774.642,37.1,"E"
"1796",1,1796,774.642,774.67,-8.9,"E"
"1797",1,1797,774.67,775.1,38.7,"E"
"1798",1,1798,775.1,776.075,-20.1,"E"
"1799",1,1799,776.075,776.716,15,"E"
"1800",1,1800,776.716,777.652,-12.1,"E"
"1801",1,1801,777.652,778.033,12,"E"
"1802",1,1802,778.033,779.238,-11.8,"E"
"1803",1,1803,779.238,779.575,9.5,"E"
"1804",1,1804,779.575,779.622,-8.5,"E"
"1805",1,1805,779.622,779.778,3.7,"E"
"1806",1,1806,779.778,780.138,-6,"E"
"1807",1,1807,780.138,780.235,3,"E"
"1808",1,1808,780.235,780.318,-3,"E"
"1809",1,1809,780.318,780.672,12.1,"E"
"1810",1,1810,780.672,780.777,-5,"E"
"1811",1,1811,780.777,780.897,12.2,"E"
"1812",1,1812,780.897,781.367,-7.3,"E"
"1813",1,1813,781.367,781.511,4,"E"
"1814",1,1814,781.511,781.597,-6.1,"E"
"1815",1,1815,781.597,781.931,9.1,"E"
"1816",1,1816,781.931,781.975,-7,"E"
"1817",1,1817,781.975,782.229,3.4,"E"
"1818",1,1818,782.229,782.526,-9.6,"E"
"1819",1,1819,782.526,783.179,7.2,"E"
"1820",1,1820,783.179,784.091,-3.8,"E"
"1821",1,1821,784.091,785.019,5.2,"E"
"1822",1,1822,785.019,785.373,-2.3,"E"
"1823",1,1823,785.373,785.432,10.4,"E"
"1824",1,1824,785.432,786.248,-5.9,"E"
"1825",1,1825,786.248,786.385,7.4,"E"
"1826",1,1826,786.385,786.871,-6.1,"E"
"1827",1,1827,786.871,787.017,3.8,"E"
"1828",1,1828,787.017,787.041,-5,"E"
"1829",1,1829,787.041,787.236,3.8,"E"
"1830",1,1830,787.236,787.584,-4.1,"E"
"1831",1,1831,787.584,787.872,4.1,"E"
"1832",1,1832,787.872,787.893,-3.6,"E"
"1833",1,1833,787.893,788.219,3.4,"E"
"1834",1,1834,788.219,788.243,-2.8,"E"
"1835",1,1835,788.243,788.814,9.9,"E"
"1836",1,1836,788.814,789.417,-9.4,"E"
"1837",1,1837,789.417,789.478,0,"E"
"1838",1,1838,789.478,790.283,-4.8,"E"
"1839",1,1839,790.283,791.157,8.9,"E"
"1840",1,1840,791.157,791.492,-3.1,"E"
"1841",1,1841,791.492,791.917,5,"E"
"1842",1,1842,791.917,792.093,-1,"E"
"1843",1,1843,792.093,792.472,3.8,"E"
"1844",1,1844,792.472,792.535,-1,"E"
"1845",1,1845,792.535,792.597,4.5,"E"
"1846",1,1846,792.597,792.657,-1,"E"
"1847",1,1847,792.657,792.749,1,"E"
"1848",1,1848,792.749,793.118,-1.3,"E"
"1849",1,1849,793.118,793.573,2.3,"E"
"1850",1,1850,793.573,794.2,-1,"E"
"1851",1,1851,794.2,794.339,2.8,"E"
"1852",1,1852,794.339,794.54,-1.8,"E"
"1853",1,1853,794.54,794.844,3,"E"
"1854",1,1854,794.844,794.981,-1,"E"
"1855",1,1855,794.981,795.124,3,"E"
"1856",1,1856,795.124,795.538,-3,"E"
"1857",1,1857,795.538,795.827,3,"E"
"1858",1,1858,795.827,796.155,-4,"E"
"1859",1,1859,796.155,796.415,11,"E"
"1860",1,1860,796.415,796.515,-1,"E"
"1861",1,1861,796.515,797.237,2,"E"
"1862",1,1862,797.237,797.348,-2,"E"
"1863",1,1863,797.348,797.796,7,"E"
"1864",1,1864,797.796,797.896,-1,"E"
"1865",1,1865,797.896,798.1,1,"E"
"1866",1,1866,798.1,798.148,-1.4,"E"
"1867",1,1867,798.148,798.5,2.5,"E"
"1868",1,1868,798.5,799.018,-3,"E"
"1869",1,1869,799.018,799.225,4,"E"
"1870",1,1870,799.225,799.621,-5,"E"
"1871",1,1871,799.621,799.848,7,"E"
"1872",1,1872,799.848,799.939,-4,"E"
"1873",1,1873,799.939,800.052,6,"E"
"1874",1,1874,800.052,800.217,-3,"E"
"1875",1,1875,800.217,800.853,7.5,"E"
"1876",1,1876,800.853,801,-3,"E"
"1877",1,1877,801,801.097,2,"E"
"1878",1,1878,801.097,801.275,-3.5,"E"
"1879",1,1879,801.275,801.456,10,"E"
"1880",1,1880,801.456,801.579,-3,"E"
"1881",1,1881,801.579,801.609,8,"E"
"1882",1,1882,801.609,801.63,-2,"E"
"1883",1,1883,801.63,801.72,7,"E"
"1884",1,1884,801.72,801.909,-4,"E"
"1885",1,1885,801.909,802.029,5,"E"
"1886",1,1886,802.029,802.327,-2.1,"E"
"1887",1,1887,802.327,802.456,2,"E"
"1888",1,1888,802.456,802.477,-1,"E"
"1889",1,1889,802.477,802.938,18,"E"
"1890",1,1890,802.938,803.616,-2,"E"
"1891",1,1891,803.616,803.935,7.5,"E"
"1892",1,1892,803.935,804.46,-9,"E"
"1893",1,1893,804.46,804.739,9,"E"
"1894",1,1894,804.739,804.916,-11,"E"
"1895",1,1895,804.916,805.513,10,"E"
"1896",1,1896,805.513,805.994,-20,"E"
"1897",1,1897,805.994,806.236,11,"E"
"1898",1,1898,806.236,806.515,-13,"E"
"1899",1,1899,806.515,806.736,2,"E"
"1900",1,1900,806.736,806.873,-13,"E"
"1901",1,1901,806.873,807.2,6,"E"
"1902",1,1902,807.2,807.832,-10,"E"
"1903",1,1903,807.832,808.445,27.5,"E"
"1904",1,1904,808.445,809.714,-6.5,"E"
"1905",1,1905,809.714,810.438,19.5,"E"
"1906",1,1906,810.438,810.956,-25,"E"
"1907",1,1907,810.956,811.158,20.5,"E"
"1908",1,1908,811.158,811.417,-13.5,"E"
"1909",1,1909,811.417,811.638,4.3,"E"
"1910",1,1910,811.638,811.938,-10,"E"
"1911",1,1911,811.938,812.294,8.2,"E"
"1912",1,1912,812.294,812.593,-13,"E"
"1913",1,1913,812.593,812.759,5.8,"E"
"1914",1,1914,812.759,813.083,-14,"E"
"1915",1,1915,813.083,813.358,8,"E"
"1916",1,1916,813.358,813.515,-4,"E"
"1917",1,1917,813.515,813.575,10.4,"E"
"1918",1,1918,813.575,813.702,-2,"E"
"1919",1,1919,813.702,813.754,1,"E"
"1920",1,1920,813.754,813.808,-1.6,"E"
"1921",1,1921,813.808,813.913,1,"E"
"1922",1,1922,813.913,813.952,-1.5,"E"
"1923",1,1923,813.952,814.76,25,"E"
"1924",1,1924,814.76,815.019,-10,"E"
"1925",1,1925,815.019,815.192,25,"E"
"1926",1,1926,815.192,815.612,-24,"E"
"1927",1,1927,815.612,815.827,5,"E"
"1928",1,1928,815.827,816.632,-15,"E"
"1929",1,1929,816.632,816.744,12.5,"E"
"1930",1,1930,816.744,816.832,-6,"E"
"1931",1,1931,816.832,816.967,24,"E"
"1932",1,1932,816.967,817.074,-7,"E"
"1933",1,1933,817.074,819.469,24.5,"E"
"1934",1,1934,819.469,820.035,-16,"E"
"1935",1,1935,820.035,820.537,34.5,"E"
"1936",1,1936,820.537,820.656,-6.5,"E"
"1937",1,1937,820.656,820.754,8,"E"
"1938",1,1938,820.754,821.054,-14,"E"
"1939",1,1939,821.054,821.297,7,"E"
"1940",1,1940,821.297,821.5,-8.5,"E"
"1941",1,1941,821.5,821.942,7,"E"
"1942",1,1942,821.942,822.37,-33,"E"
"1943",1,1943,822.37,822.471,0,"E"
"1944",1,1944,822.471,823.56,-38,"E"
"1945",1,1945,823.56,823.891,3,"E"
"1946",1,1946,823.891,824.152,-19,"E"
"1947",1,1947,824.152,824.371,1,"E"
"1948",1,1948,824.371,824.94,-24,"E"
"1949",1,1949,824.94,825.222,1.3,"E"
"1950",1,1950,825.222,825.263,-1,"E"
"1951",1,1951,825.263,825.312,1.1,"E"
"1952",1,1952,825.312,825.808,-16.2,"E"
"1953",1,1953,825.808,826.4,15.6,"E"
"1954",1,1954,826.4,826.432,-1,"E"
"1955",1,1955,826.432,827.045,32.7,"E"
"1956",1,1956,827.045,827.33,-20.2,"E"
"1957",1,1957,827.33,827.833,13.7,"E"
"1958",1,1958,827.833,827.984,-12.7,"E"
"1959",1,1959,827.984,828.068,5,"E"
"1960",1,1960,828.068,828.091,-2.2,"E"
"1961",1,1961,828.091,828.152,6.5,"E"
"1962",1,1962,828.152,828.187,-6,"E"
"1963",1,1963,828.187,828.311,4.3,"E"
"1964",1,1964,828.311,828.585,-14,"E"
"1965",1,1965,828.585,828.888,4.1,"E"
"1966",1,1966,828.888,830.455,-12,"E"
"1967",1,1967,830.455,831.124,18.1,"E"
"1968",1,1968,831.124,831.59,-12.2,"E"
"1969",1,1969,831.59,832.299,12.4,"E"
"1970",1,1970,832.299,832.915,-16.8,"E"
"1971",1,1971,832.915,833.734,3,"E"
"1972",1,1972,833.734,834.71,-7.5,"E"
"1973",1,1973,834.71,835.037,18.2,"E"
"1974",1,1974,835.037,835.695,-7,"E"
"1975",1,1975,835.695,836.175,8,"E"
"1976",1,1976,836.175,836.535,-11,"E"
"1977",1,1977,836.535,836.692,3.3,"E"
"1978",1,1978,836.692,836.892,-12.4,"E"
"1979",1,1979,836.892,837.143,15.4,"E"
"1980",1,1980,837.143,837.172,-1,"E"
"1981",1,1981,837.172,837.338,5,"E"
"1982",1,1982,837.338,838.076,-11.3,"E"
"1983",1,1983,838.076,838.577,8.5,"E"
"1984",1,1984,838.577,839.355,-14,"E"
"1985",1,1985,839.355,839.677,9,"E"
"1986",1,1986,839.677,839.779,-20,"E"
"1987",1,1987,839.779,840.178,4.5,"E"
"1988",1,1988,840.178,840.316,-6.8,"E"
"1989",1,1989,840.316,840.816,14.9,"E"
"1990",1,1990,840.816,841.242,-11.7,"E"
"1991",1,1991,841.242,841.422,19.6,"E"
"1992",1,1992,841.422,841.48,-7.2,"E"
"1993",1,1993,841.48,841.641,13,"E"
"1994",1,1994,841.641,842.057,-11.9,"E"
"1995",1,1995,842.057,842.223,16,"E"
"1996",1,1996,842.223,842.529,-11,"E"
"1997",1,1997,842.529,842.647,0,"E"
"1998",1,1998,842.647,842.9,-12.7,"E"
"1999",1,1999,842.9,843.219,2,"E"
"2000",1,2000,843.219,843.613,-15,"E"
"2001",1,2001,843.613,844.436,5,"E"
"2002",1,2002,844.436,844.519,-23,"E"
"2003",1,2003,844.519,844.576,1,"E"
"2004",1,2004,844.576,844.774,-1,"E"
"2005",1,2005,844.774,845.132,17,"E"
"2006",1,2006,845.132,845.195,-9.5,"E"
"2007",1,2007,845.195,845.39,6,"E"
"2008",1,2008,845.39,845.754,-14,"E"
"2009",1,2009,845.754,846.028,31,"E"
"2010",1,2010,846.028,846.293,-6,"E"
"2011",1,2011,846.293,846.434,11,"E"
"2012",1,2012,846.434,846.615,-12,"E"
"2013",1,2013,846.615,846.771,5,"E"
"2014",1,2014,846.771,846.865,-8,"E"
"2015",1,2015,846.865,846.891,0,"E"
"2016",1,2016,846.891,847.289,-17.5,"E"
"2017",1,2017,847.289,848.718,5,"E"
"2018",1,2018,848.718,848.772,-5.5,"E"
"2019",1,2019,848.772,848.876,4,"E"
"2020",1,2020,848.876,848.975,-5.5,"E"
"2021",1,2021,848.975,849.093,5,"E"
"2022",1,2022,849.093,849.213,-6,"E"
"2023",1,2023,849.213,849.292,2.5,"E"
"2024",1,2024,849.292,849.719,-11,"E"
"2025",1,2025,849.719,850.178,14.5,"E"
"2026",1,2026,850.178,850.269,-7,"E"
"2027",1,2027,850.269,850.357,5,"E"
"2028",1,2028,850.357,851.256,-15,"E"
"2029",1,2029,851.256,851.508,6.5,"E"
"2030",1,2030,851.508,851.59,-5,"E"
"2031",1,2031,851.59,852.99,17,"E"
"2032",1,2032,852.99,853.597,-16,"E"
"2033",1,2033,853.597,853.695,2,"E"
"2034",1,2034,853.695,853.739,-3.5,"E"
"2035",1,2035,853.739,854.215,35,"E"
"2036",1,2036,854.215,855.512,-15,"E"
"2037",1,2037,855.512,856.152,20,"E"
"2038",1,2038,856.152,856.926,-15,"E"
"2039",1,2039,856.926,858.24,14.2,"E"
"2040",1,2040,858.24,858.521,-13.5,"E"
"2041",1,2041,858.521,859.076,7,"E"
"2042",1,2042,859.076,859.146,-5,"E"
"2043",1,2043,859.146,859.51,5.5,"E"
"2044",1,2044,859.51,859.53,-5.5,"E"
"2045",1,2045,859.53,859.912,8,"E"
"2046",1,2046,859.912,860.034,-4,"E"
"2047",1,2047,860.034,860.355,7,"E"
"2048",1,2048,860.355,860.39,-4,"E"
"2049",1,2049,860.39,860.57,4,"E"
"2050",1,2050,860.57,861.34,-9,"E"
"2051",1,2051,861.34,861.611,1.35,"E"
"2052",1,2052,861.611,863.353,-5.5,"E"
"2053",1,2053,863.353,863.518,0,"E"
"2054",1,2054,863.518,864,-10,"E"
"2055",1,2055,864,864.155,9,"E"
"2056",1,2056,864.155,864.2,-7,"E"
"2057",1,2057,864.2,864.385,15,"E"
"2058",1,2058,864.385,864.51,-17,"E"
"2059",1,2059,864.51,864.62,2,"E"
"2060",1,2060,864.62,864.92,-23.5,"E"
"2061",1,2061,864.92,865.042,10,"E"
"2062",1,2062,865.042,865.252,33,"E"
"2063",1,2063,865.252,865.288,-6,"E"
"2064",1,2064,865.288,865.524,25,"E"
"2065",1,2065,865.524,865.642,-20,"E"
"2066",1,2066,865.642,865.91,16,"E"
"2067",1,2067,865.91,866.028,-20.5,"E"
"2068",1,2068,866.028,866.33,20,"E"
"2069",1,2069,866.33,866.415,-10,"E"
"2070",1,2070,866.415,867.342,18.5,"E"
"2071",1,2071,867.342,867.449,-4,"E"
"2072",1,2072,867.449,867.526,11,"E"
"2073",1,2073,867.526,867.565,-6,"E"
"2074",1,2074,867.565,868.099,19.5,"E"
"2075",1,2075,868.099,868.319,-8,"E"
"2076",1,2076,868.319,868.689,14,"E"
"2077",1,2077,868.689,868.889,-7,"E"
"2078",1,2078,868.889,869.263,5,"E"
"2079",1,2079,869.263,869.988,-17,"E"
"2080",1,2080,869.988,870.1,2,"E"
"2081",1,2081,870.1,870.199,-15,"E"
"2082",1,2082,870.199,870.316,0,"E"
"2083",1,2083,870.316,870.947,-18.4,"E"
"2084",1,2084,870.947,871.585,15,"E"
"2085",1,2085,871.585,872.62,-20,"E"
"2086",1,2086,872.62,873.36,10,"E"
"2087",1,2087,873.36,874.028,-15,"E"
"2088",1,2088,874.028,874.142,10.5,"E"
"2089",1,2089,874.142,874.707,-24,"E"
"2090",1,2090,874.707,874.863,9,"E"
"2091",1,2091,874.863,874.914,-22.6,"E"
"2092",1,2092,874.914,875.185,11,"E"
"2093",1,2093,875.185,875.294,-9,"E"
"2094",1,2094,875.294,875.357,4,"E"
"2095",1,2095,875.357,875.874,-18,"E"
"2096",1,2096,875.874,876.091,14,"E"
"2097",1,2097,876.091,876.116,-5,"E"
"2098",1,2098,876.116,877.177,12,"E"
"2099",1,2099,877.177,878.008,-30,"E"
"2100",1,2100,878.008,878.455,7,"E"
"2101",1,2101,878.455,878.952,-28,"E"
"2102",1,2102,878.952,879.38,50.3,"E"
"2103",1,2103,879.38,879.417,-5,"E"
"2104",1,2104,879.417,879.6,6,"E"
"2105",1,2105,879.6,879.954,-17,"E"
"2106",1,2106,879.954,880.012,8,"E"
"2107",1,2107,880.012,880.3,-10,"E"
"2108",1,2108,880.3,880.78,24.5,"E"
"2109",1,2109,880.78,880.914,-19,"E"
"2110",1,2110,880.914,881.018,26.6,"E"
"2111",1,2111,881.018,881.8,-19.5,"E"
"2112",1,2112,881.8,882.138,23,"E"
"2113",1,2113,882.138,882.4,-11,"E"
"2114",1,2114,882.4,882.466,1,"E"
"2115",1,2115,882.466,882.73,-29.5,"E"
"2116",1,2116,882.73,882.914,10,"E"
"2117",1,2117,882.914,883.072,-8.5,"E"
"2118",1,2118,883.072,883.25,9,"E"
"2119",1,2119,883.25,883.322,-25,"E"
"2120",1,2120,883.322,883.504,7.5,"E"
"2121",1,2121,883.504,883.871,-28,"E"
"2122",1,2122,883.871,885.335,19.5,"E"
"2123",1,2123,885.335,885.778,-18,"E"
"2124",1,2124,885.778,885.965,4,"E"
"2125",1,2125,885.965,886.13,-6,"E"
"2126",1,2126,886.13,887.518,8.2,"E"
"2127",1,2127,887.518,887.62,-4,"E"
"2128",1,2128,887.62,887.955,2,"E"
"2129",1,2129,887.955,888.704,-23,"E"
"2130",1,2130,888.704,889.405,3.5,"E"
"2131",1,2131,889.405,889.582,-5,"E"
"2132",1,2132,889.582,889.962,1.5,"E"
"2133",1,2133,889.962,890.6,-10,"E"
"2134",1,2134,890.6,890.9,28,"E"
"2135",1,2135,890.9,891.28,-17,"E"
